create database lesson_7;

use lesson_7;
CREATE TABLE `comments` (
  `id` bigint(20) unsigned NOT NULL AUTO_INCREMENT,
  `user_id` bigint(20) unsigned NOT NULL,
  `post_id` bigint(20) unsigned NOT NULL,
  `comment` text COLLATE utf8_unicode_ci DEFAULT NULL,
  `created_at` datetime DEFAULT current_timestamp(),
  `updated_at` datetime DEFAULT current_timestamp() ON UPDATE current_timestamp(),
  PRIMARY KEY (`id`),
  KEY `user_id` (`user_id`),
  KEY `post_id` (`post_id`),
  CONSTRAINT `comments_ibfk_1` FOREIGN KEY (`user_id`) REFERENCES `users` (`id`),
  CONSTRAINT `comments_ibfk_2` FOREIGN KEY (`post_id`) REFERENCES `posts` (`id`)
) ENGINE=InnoDB AUTO_INCREMENT=101 DEFAULT CHARSET=utf8 COLLATE=utf8_unicode_ci;

INSERT INTO `comments` (`id`, `user_id`, `post_id`, `comment`, `created_at`, `updated_at`) VALUES ('1', '83', '64', 'At voluptates asperiores eos eum. Incidunt velit voluptatem aut quia ipsum aspernatur. Id id magnam et sed ut. Tempore voluptas itaque sed explicabo nihil.', '1981-11-26 09:49:03', '1977-06-24 23:35:03');
INSERT INTO `comments` (`id`, `user_id`, `post_id`, `comment`, `created_at`, `updated_at`) VALUES ('2', '33', '76', 'Dolor voluptatem dolores aliquid et earum optio. Qui voluptatem ut facilis aut illum ut id laudantium. Et sint vero iure neque porro optio sit.', '1988-12-20 03:26:07', '2014-07-13 23:23:14');
INSERT INTO `comments` (`id`, `user_id`, `post_id`, `comment`, `created_at`, `updated_at`) VALUES ('3', '93', '27', 'Modi voluptates a et omnis quo aut. Aut fuga neque veniam sit praesentium facilis. Similique aut enim neque architecto. Sunt illum omnis quia voluptas.', '1987-06-30 01:26:23', '2004-11-15 03:24:12');
INSERT INTO `comments` (`id`, `user_id`, `post_id`, `comment`, `created_at`, `updated_at`) VALUES ('4', '89', '47', 'Placeat rerum fuga itaque voluptas velit. Et optio eius maxime minus similique.', '2019-09-21 21:58:49', '2003-08-20 09:05:20');
INSERT INTO `comments` (`id`, `user_id`, `post_id`, `comment`, `created_at`, `updated_at`) VALUES ('5', '82', '22', 'Omnis amet omnis dignissimos sed voluptas explicabo. Illo eum reprehenderit accusantium fuga dolores facere. Atque et dolor deserunt sit sit sunt.', '1973-04-26 01:04:40', '1985-08-22 17:11:00');
INSERT INTO `comments` (`id`, `user_id`, `post_id`, `comment`, `created_at`, `updated_at`) VALUES ('6', '76', '64', 'Voluptas distinctio rerum est excepturi. Voluptas laboriosam rem est animi aliquam blanditiis. Id harum aut dolorum. Quod eligendi qui totam et odio iure sit voluptas.', '1998-10-26 01:25:31', '1976-07-02 05:58:58');
INSERT INTO `comments` (`id`, `user_id`, `post_id`, `comment`, `created_at`, `updated_at`) VALUES ('7', '67', '6', 'Excepturi dolore odit veritatis minima ea sint voluptate voluptatem. Sapiente assumenda et consequatur in ad nihil dolorum. Et dolore consequatur amet praesentium excepturi.', '1995-11-03 13:39:35', '1997-05-09 12:18:02');
INSERT INTO `comments` (`id`, `user_id`, `post_id`, `comment`, `created_at`, `updated_at`) VALUES ('8', '86', '87', 'Provident velit accusamus ea maiores consequatur impedit. Ad animi vel amet ut rem fuga. Vero illo culpa est dolor quibusdam consequuntur. Tempore soluta nemo qui eaque vero.', '1998-03-27 16:53:14', '1991-05-16 01:23:50');
INSERT INTO `comments` (`id`, `user_id`, `post_id`, `comment`, `created_at`, `updated_at`) VALUES ('9', '24', '59', 'Alias numquam magnam et cupiditate et ratione. Iure ab ut aut aperiam et ea ipsum. Corrupti perferendis sit numquam nobis. Ea qui est asperiores ea.', '1980-05-14 11:26:15', '2007-04-21 21:41:07');
INSERT INTO `comments` (`id`, `user_id`, `post_id`, `comment`, `created_at`, `updated_at`) VALUES ('10', '58', '5', 'Sapiente accusamus pariatur aliquid est. Officia modi dolorem rerum porro sed facere aliquid ut. Voluptates voluptates esse est laborum sequi.', '1970-07-09 16:25:22', '1974-08-19 15:55:09');
INSERT INTO `comments` (`id`, `user_id`, `post_id`, `comment`, `created_at`, `updated_at`) VALUES ('11', '26', '30', 'Nihil quo minus nihil quo mollitia at. Fugiat vitae voluptas occaecati earum. Est voluptatum perspiciatis sint quam voluptatem.', '1984-02-09 02:53:23', '2003-11-06 14:55:29');
INSERT INTO `comments` (`id`, `user_id`, `post_id`, `comment`, `created_at`, `updated_at`) VALUES ('12', '47', '68', 'Omnis possimus et voluptas qui. Doloribus suscipit ducimus est omnis tenetur officiis perspiciatis quas. Dolores voluptatibus ab recusandae quia maiores et.', '2015-03-13 09:12:24', '2016-02-04 15:13:31');
INSERT INTO `comments` (`id`, `user_id`, `post_id`, `comment`, `created_at`, `updated_at`) VALUES ('13', '97', '83', 'Necessitatibus incidunt perspiciatis maiores voluptate consequatur. Aut possimus illum sit corporis maiores. Et dolor quo aut odit iste ipsam. Dicta saepe rerum fugiat modi.', '1984-12-14 16:59:19', '1994-08-14 19:54:35');
INSERT INTO `comments` (`id`, `user_id`, `post_id`, `comment`, `created_at`, `updated_at`) VALUES ('14', '48', '14', 'Tempora tempora rerum veniam voluptatibus. Ipsum ratione saepe eveniet cum impedit. Voluptas tempore et consequatur ullam. Velit atque voluptatem recusandae occaecati nesciunt reiciendis.', '1973-07-28 04:28:22', '2004-01-09 15:10:05');
INSERT INTO `comments` (`id`, `user_id`, `post_id`, `comment`, `created_at`, `updated_at`) VALUES ('15', '15', '56', 'Quidem vero fugiat hic incidunt. Illo cupiditate praesentium blanditiis et. Nulla ex suscipit officiis error. Corrupti est et aperiam quaerat.', '1997-04-08 15:36:13', '2020-06-18 08:22:53');
INSERT INTO `comments` (`id`, `user_id`, `post_id`, `comment`, `created_at`, `updated_at`) VALUES ('16', '84', '97', 'Iste nisi eum aut esse. Earum et commodi architecto qui alias expedita dolore cumque. Reprehenderit eligendi corporis laudantium possimus est veritatis eaque quae.', '2006-11-23 12:50:38', '1988-05-04 09:18:23');
INSERT INTO `comments` (`id`, `user_id`, `post_id`, `comment`, `created_at`, `updated_at`) VALUES ('17', '19', '17', 'Beatae laboriosam cupiditate voluptatum dolores. Maiores voluptatibus ipsa nemo ut omnis et. Ullam dolor dolores et ea. Ullam ab voluptatibus at consequatur culpa ad.', '1978-01-11 10:29:38', '2013-01-19 10:00:13');
INSERT INTO `comments` (`id`, `user_id`, `post_id`, `comment`, `created_at`, `updated_at`) VALUES ('18', '72', '11', 'Pariatur delectus ut cumque. Dolorem excepturi aut eaque quae cum. Iste dicta odit enim architecto voluptas fugit omnis.', '1973-10-02 11:33:25', '2000-05-14 03:02:06');
INSERT INTO `comments` (`id`, `user_id`, `post_id`, `comment`, `created_at`, `updated_at`) VALUES ('19', '44', '61', 'Accusantium aut dolor sit commodi illo quod et id. Inventore officia unde et harum in officia non. Perferendis ut qui sit.', '1971-07-15 14:28:15', '1971-09-15 02:36:46');
INSERT INTO `comments` (`id`, `user_id`, `post_id`, `comment`, `created_at`, `updated_at`) VALUES ('20', '57', '26', 'Aliquid quisquam aut consectetur qui nesciunt et. Repellendus neque nesciunt modi veniam quia. Dolores dolor fuga occaecati numquam et dolorem ut. Ut nam soluta ipsam temporibus voluptate.', '2015-09-30 21:45:54', '2015-11-13 10:01:15');
INSERT INTO `comments` (`id`, `user_id`, `post_id`, `comment`, `created_at`, `updated_at`) VALUES ('21', '82', '32', 'Et aut labore delectus error laudantium itaque. Expedita corporis porro quisquam et accusantium. Ut magni consequatur consequatur esse nostrum. Sunt velit quidem iusto debitis.', '1999-02-24 22:00:47', '1990-05-21 22:37:21');
INSERT INTO `comments` (`id`, `user_id`, `post_id`, `comment`, `created_at`, `updated_at`) VALUES ('22', '89', '49', 'Adipisci impedit itaque dolorum dolores earum. Quia magnam nihil tempore. Totam iste et illum velit vel. Magnam dolorem exercitationem et.', '1987-06-08 06:04:01', '1982-07-10 11:45:22');
INSERT INTO `comments` (`id`, `user_id`, `post_id`, `comment`, `created_at`, `updated_at`) VALUES ('23', '38', '74', 'Sit nemo nemo provident eos blanditiis est necessitatibus enim. Omnis vitae id quaerat nesciunt omnis. Cupiditate voluptas fuga voluptates.', '2016-01-29 19:27:26', '1991-12-10 04:50:57');
INSERT INTO `comments` (`id`, `user_id`, `post_id`, `comment`, `created_at`, `updated_at`) VALUES ('24', '36', '61', 'Sit et officiis earum qui saepe officia. Vel omnis neque a ea.\nMagni quas dolorem omnis impedit ut ipsum eos. Sint et aut est nemo. Quibusdam quae est neque hic consequatur.', '1993-05-30 03:29:27', '1987-01-08 17:09:45');
INSERT INTO `comments` (`id`, `user_id`, `post_id`, `comment`, `created_at`, `updated_at`) VALUES ('25', '33', '94', 'Magnam sit est minus ut voluptas. Consequatur minima at voluptatem. Qui quasi iusto possimus odio non quisquam. Est officia non enim voluptatum magni in dolor.', '1975-09-05 06:18:30', '1987-09-06 03:27:08');
INSERT INTO `comments` (`id`, `user_id`, `post_id`, `comment`, `created_at`, `updated_at`) VALUES ('26', '65', '59', 'Sed asperiores ut ut voluptas quas temporibus non. Adipisci ducimus ullam saepe doloribus ipsum quidem eos unde.', '2003-06-28 02:24:21', '2005-03-21 12:06:22');
INSERT INTO `comments` (`id`, `user_id`, `post_id`, `comment`, `created_at`, `updated_at`) VALUES ('27', '23', '12', 'At eveniet ad velit dolorem. Nihil est veniam quae rerum. Quo quae sunt ut fugiat autem id et iure. Aliquid sunt excepturi quod est tenetur reprehenderit rerum.', '1984-01-21 17:57:58', '1992-05-26 16:52:17');
INSERT INTO `comments` (`id`, `user_id`, `post_id`, `comment`, `created_at`, `updated_at`) VALUES ('28', '26', '20', 'Rem ipsa natus voluptatum sed. Voluptate adipisci corporis ut quis illo. Dolorem fuga et dolore labore impedit dignissimos suscipit exercitationem.', '1985-07-06 16:22:48', '2001-04-04 15:28:45');
INSERT INTO `comments` (`id`, `user_id`, `post_id`, `comment`, `created_at`, `updated_at`) VALUES ('29', '95', '74', 'Sit et nihil ab nisi sed. Autem sit aspernatur aut occaecati. Unde perferendis et qui quibusdam voluptatibus. Non porro autem possimus at temporibus recusandae.', '2020-06-05 05:06:48', '1979-08-24 12:03:33');
INSERT INTO `comments` (`id`, `user_id`, `post_id`, `comment`, `created_at`, `updated_at`) VALUES ('30', '34', '9', 'Dolor qui rerum deleniti autem temporibus qui et. Ipsum est error inventore temporibus quia officiis id.', '1995-09-08 08:43:40', '2012-05-27 21:53:06');
INSERT INTO `comments` (`id`, `user_id`, `post_id`, `comment`, `created_at`, `updated_at`) VALUES ('31', '29', '17', 'Sint libero rerum facere. Quia error pariatur facilis harum cumque. Dolor minima ipsum nihil beatae dolorem.', '1974-05-11 09:16:14', '1990-09-16 23:32:17');
INSERT INTO `comments` (`id`, `user_id`, `post_id`, `comment`, `created_at`, `updated_at`) VALUES ('32', '6', '47', 'Et nulla voluptas quo dicta voluptates ut ut consequatur. Quaerat repudiandae quis assumenda labore nisi maxime. Et quasi minus repellat culpa. Et quod sint atque quas sapiente voluptates incidunt.', '1977-02-18 21:32:22', '1982-03-02 19:08:50');
INSERT INTO `comments` (`id`, `user_id`, `post_id`, `comment`, `created_at`, `updated_at`) VALUES ('33', '34', '78', 'Rerum totam necessitatibus inventore est voluptatum temporibus tenetur. Porro accusantium aperiam porro velit sunt voluptatibus. Maxime voluptatem delectus ipsum recusandae vel magni.', '1986-06-15 08:40:19', '1990-01-27 01:55:46');
INSERT INTO `comments` (`id`, `user_id`, `post_id`, `comment`, `created_at`, `updated_at`) VALUES ('34', '58', '77', 'Velit quae voluptatem in iste adipisci. Eligendi voluptas reprehenderit delectus hic. Quia dicta sed officiis voluptatem blanditiis debitis ex.', '2014-11-21 16:35:04', '1979-03-04 19:45:59');
INSERT INTO `comments` (`id`, `user_id`, `post_id`, `comment`, `created_at`, `updated_at`) VALUES ('35', '38', '14', 'Vel non omnis est ut. Omnis quis autem exercitationem illo. Veniam accusantium incidunt laboriosam ut a exercitationem inventore. Voluptatum voluptatem accusamus at.', '1993-02-19 14:25:47', '1980-05-06 07:10:13');
INSERT INTO `comments` (`id`, `user_id`, `post_id`, `comment`, `created_at`, `updated_at`) VALUES ('36', '2', '20', 'Dignissimos aliquid molestiae optio adipisci dolores et corporis. Quo reiciendis eaque amet. Aut nostrum aperiam accusamus cum. Et consequatur rerum temporibus explicabo consequuntur.', '1988-12-21 14:30:30', '2014-10-02 03:29:36');
INSERT INTO `comments` (`id`, `user_id`, `post_id`, `comment`, `created_at`, `updated_at`) VALUES ('37', '46', '91', 'Saepe ea ut aperiam culpa. Culpa aut hic quia.\nEt similique facere a ut rerum non. Voluptas occaecati et similique recusandae.', '1989-07-14 11:01:44', '2006-07-17 18:40:12');
INSERT INTO `comments` (`id`, `user_id`, `post_id`, `comment`, `created_at`, `updated_at`) VALUES ('38', '68', '83', 'Nemo enim dolores rerum et qui. Est perferendis neque ab deleniti debitis. Molestias ullam dignissimos excepturi labore quia veritatis illum. Quia ullam eum quia et natus.', '1991-01-29 21:48:42', '2010-07-15 10:03:44');
INSERT INTO `comments` (`id`, `user_id`, `post_id`, `comment`, `created_at`, `updated_at`) VALUES ('39', '65', '4', 'Voluptas sit aut recusandae rerum nisi autem cupiditate. Quo voluptatem sequi modi necessitatibus. Impedit sit accusamus repellendus iusto deleniti voluptatibus. Accusantium quam vel sint sit eaque.', '1996-11-16 15:16:14', '1973-07-05 22:24:10');
INSERT INTO `comments` (`id`, `user_id`, `post_id`, `comment`, `created_at`, `updated_at`) VALUES ('40', '44', '97', 'Qui beatae sit quia voluptatem placeat. Et quasi ut mollitia ex. Omnis sint est magnam consequatur omnis ratione.', '1996-05-18 14:17:33', '1998-07-29 07:27:30');
INSERT INTO `comments` (`id`, `user_id`, `post_id`, `comment`, `created_at`, `updated_at`) VALUES ('41', '97', '9', 'Officiis sequi dolor perspiciatis eum laboriosam. Fugiat eaque optio dolorum nobis excepturi omnis totam. Est et suscipit exercitationem commodi non.', '2003-12-30 07:43:44', '2001-01-11 15:43:51');
INSERT INTO `comments` (`id`, `user_id`, `post_id`, `comment`, `created_at`, `updated_at`) VALUES ('42', '55', '19', 'Assumenda sint adipisci corrupti. Dolorum iste et illum nisi rerum non unde. Nam odio velit quaerat facere explicabo dolores amet.', '1982-03-26 11:19:28', '2010-08-02 11:48:14');
INSERT INTO `comments` (`id`, `user_id`, `post_id`, `comment`, `created_at`, `updated_at`) VALUES ('43', '20', '81', 'Omnis saepe laborum voluptate corrupti dolorum omnis autem. Eaque consequatur asperiores natus ipsum ratione. Quas officia rerum voluptates voluptate error. Sit id est cupiditate atque magni.', '1971-12-21 16:48:41', '1997-10-25 08:15:55');
INSERT INTO `comments` (`id`, `user_id`, `post_id`, `comment`, `created_at`, `updated_at`) VALUES ('44', '39', '14', 'Tempore magnam nihil corporis recusandae laboriosam non. Maxime consectetur vel a aut labore distinctio. Beatae distinctio dolores est aliquid amet nemo.', '1974-02-16 15:47:31', '2003-01-18 13:47:25');
INSERT INTO `comments` (`id`, `user_id`, `post_id`, `comment`, `created_at`, `updated_at`) VALUES ('45', '54', '72', 'Aliquam ipsam rerum voluptates quis qui modi. Iusto sit consequatur corporis id quod possimus exercitationem. Ratione eos sed voluptatem est. Ut in ratione fugiat nostrum.', '2017-05-27 19:58:57', '2010-01-11 22:57:23');
INSERT INTO `comments` (`id`, `user_id`, `post_id`, `comment`, `created_at`, `updated_at`) VALUES ('46', '22', '83', 'Officia earum eveniet fuga aliquid natus vero doloremque. Consequuntur et non eaque dolorem dolorum similique. Explicabo enim corrupti possimus distinctio voluptas.', '2018-02-05 12:53:03', '1983-11-11 02:45:39');
INSERT INTO `comments` (`id`, `user_id`, `post_id`, `comment`, `created_at`, `updated_at`) VALUES ('47', '89', '28', 'Rerum aut molestiae et non consequatur quia consequatur voluptate. Dolorem eius voluptates officiis quia. Ipsa modi qui laboriosam fuga et temporibus.', '1988-05-25 16:46:39', '2003-01-14 09:10:40');
INSERT INTO `comments` (`id`, `user_id`, `post_id`, `comment`, `created_at`, `updated_at`) VALUES ('48', '29', '22', 'Aut labore unde qui porro. Voluptas repellat quae sunt animi expedita. Nesciunt enim voluptates et fugiat et atque.', '1993-01-17 17:03:12', '1981-06-28 12:34:09');
INSERT INTO `comments` (`id`, `user_id`, `post_id`, `comment`, `created_at`, `updated_at`) VALUES ('49', '5', '86', 'Officia dolores quia deserunt iure fugiat et sint. Quos praesentium sunt totam et eaque. Possimus est minus atque voluptatem totam. Aut harum voluptatem et esse consequatur.', '2007-01-24 21:06:54', '2014-03-17 00:59:39');
INSERT INTO `comments` (`id`, `user_id`, `post_id`, `comment`, `created_at`, `updated_at`) VALUES ('50', '99', '43', 'Consequuntur et perspiciatis omnis harum. Omnis expedita placeat inventore ullam. Enim repudiandae ducimus labore omnis.', '2009-12-07 14:01:57', '1970-08-07 14:07:52');
INSERT INTO `comments` (`id`, `user_id`, `post_id`, `comment`, `created_at`, `updated_at`) VALUES ('51', '100', '100', 'Reprehenderit nulla odio deserunt labore voluptas. Velit quidem magni ut velit. Laboriosam iure et iste a itaque voluptatem.', '2018-07-14 02:43:46', '1984-02-10 00:34:26');
INSERT INTO `comments` (`id`, `user_id`, `post_id`, `comment`, `created_at`, `updated_at`) VALUES ('52', '62', '45', 'Incidunt corrupti debitis ea blanditiis. Dolorum sequi veniam sit earum ratione quisquam nesciunt. Repudiandae deserunt adipisci aut molestiae quis.', '1997-06-07 16:11:25', '1973-12-16 22:53:05');
INSERT INTO `comments` (`id`, `user_id`, `post_id`, `comment`, `created_at`, `updated_at`) VALUES ('53', '91', '30', 'Officia optio qui eaque qui. Culpa id in eos. Enim excepturi at est excepturi dolorum voluptas. Deleniti quae illo quod commodi quo qui qui.', '1989-07-27 08:37:42', '2011-02-11 06:08:50');
INSERT INTO `comments` (`id`, `user_id`, `post_id`, `comment`, `created_at`, `updated_at`) VALUES ('54', '28', '55', 'Nisi qui ipsam nobis quibusdam corporis qui. Voluptates quia nihil quam enim alias. Maiores molestiae sapiente accusantium nemo in.', '2000-05-25 01:40:53', '2006-03-20 16:38:25');
INSERT INTO `comments` (`id`, `user_id`, `post_id`, `comment`, `created_at`, `updated_at`) VALUES ('55', '33', '71', 'Voluptas et consequatur cumque eos vel. Et iure in tempora velit et neque similique sequi. Rerum quas ex nemo est reiciendis voluptas occaecati id.', '1980-05-16 02:09:15', '2020-07-07 06:28:26');
INSERT INTO `comments` (`id`, `user_id`, `post_id`, `comment`, `created_at`, `updated_at`) VALUES ('56', '52', '29', 'Fuga fugit odit asperiores sint molestias et qui fugit. Quis nesciunt dignissimos id vitae architecto aut aut provident. Quod vel dolorem eum ea minima quam magnam.', '1995-07-26 01:30:33', '1976-10-18 00:57:14');
INSERT INTO `comments` (`id`, `user_id`, `post_id`, `comment`, `created_at`, `updated_at`) VALUES ('57', '79', '6', 'Optio harum in et quidem molestias cumque excepturi. Omnis omnis nesciunt deleniti fugit ut. Qui repudiandae voluptas aut amet minima provident.', '1982-11-08 04:14:48', '1977-08-22 15:08:21');
INSERT INTO `comments` (`id`, `user_id`, `post_id`, `comment`, `created_at`, `updated_at`) VALUES ('58', '48', '98', 'Ut facilis sed quaerat officia. Fugit tempore officiis sint aut. Id et ea ut voluptatem consequuntur officiis.', '2006-04-01 21:01:56', '1994-12-05 03:48:35');
INSERT INTO `comments` (`id`, `user_id`, `post_id`, `comment`, `created_at`, `updated_at`) VALUES ('59', '87', '87', 'Natus quam unde aut ut porro nam. Ut praesentium omnis ducimus velit et. Soluta eos sed repudiandae culpa.', '2004-04-21 12:25:53', '1985-07-16 06:47:33');
INSERT INTO `comments` (`id`, `user_id`, `post_id`, `comment`, `created_at`, `updated_at`) VALUES ('60', '12', '41', 'Voluptate ullam sed molestiae occaecati at. Qui omnis qui dolorum id. Ipsum repellat autem recusandae id ipsa ea est sapiente.', '1987-02-13 18:40:21', '1970-02-11 00:07:47');
INSERT INTO `comments` (`id`, `user_id`, `post_id`, `comment`, `created_at`, `updated_at`) VALUES ('61', '58', '33', 'Et blanditiis saepe necessitatibus saepe a in voluptatem. Aut aut odio tempore nam. Rerum maiores provident quisquam sapiente natus.', '2002-08-31 16:36:21', '1986-01-01 16:41:58');
INSERT INTO `comments` (`id`, `user_id`, `post_id`, `comment`, `created_at`, `updated_at`) VALUES ('62', '23', '47', 'Cum hic aut nobis molestiae. Quae quasi qui doloribus ipsa dicta. Et repellendus incidunt autem ut sed earum. Laboriosam quia maiores sit et et voluptatem iste.', '1999-03-07 07:45:45', '1992-01-13 08:41:00');
INSERT INTO `comments` (`id`, `user_id`, `post_id`, `comment`, `created_at`, `updated_at`) VALUES ('63', '61', '51', 'Sed dolore nemo ut in dolorum porro. Et enim corporis explicabo qui eos id nulla. Debitis et sed nisi et.', '1981-06-30 03:36:55', '1987-06-20 17:53:56');
INSERT INTO `comments` (`id`, `user_id`, `post_id`, `comment`, `created_at`, `updated_at`) VALUES ('64', '68', '65', 'Quia est ipsam sit quia ex rem qui. Ad est quas ipsam minima. Dicta doloremque consequatur est ipsum omnis autem consequatur.', '2020-10-08 12:33:12', '1988-11-16 21:58:01');
INSERT INTO `comments` (`id`, `user_id`, `post_id`, `comment`, `created_at`, `updated_at`) VALUES ('65', '37', '66', 'Voluptatem et velit qui quia tempora temporibus placeat. Dolorum eum eligendi illo et sed ipsum commodi. Nulla temporibus aut debitis enim est.', '2018-01-01 11:55:21', '2018-10-03 18:29:49');
INSERT INTO `comments` (`id`, `user_id`, `post_id`, `comment`, `created_at`, `updated_at`) VALUES ('66', '7', '36', 'Quae velit est est non animi et. Minus a nihil et natus quia.', '1994-02-14 11:19:19', '1987-05-20 04:35:38');
INSERT INTO `comments` (`id`, `user_id`, `post_id`, `comment`, `created_at`, `updated_at`) VALUES ('67', '66', '69', 'Doloribus optio fugit a adipisci aut neque voluptatibus. Nisi animi cupiditate impedit unde cupiditate qui. Recusandae eveniet laboriosam unde molestiae voluptates a.', '2017-05-09 06:56:44', '1994-03-29 20:32:29');
INSERT INTO `comments` (`id`, `user_id`, `post_id`, `comment`, `created_at`, `updated_at`) VALUES ('68', '81', '57', 'Accusamus ut blanditiis harum est harum. Eum iure quia nisi ipsum. Nisi asperiores nihil sint qui. Voluptas ex amet et sit ut ab doloribus.', '1983-02-02 03:16:54', '2015-08-29 18:48:31');
INSERT INTO `comments` (`id`, `user_id`, `post_id`, `comment`, `created_at`, `updated_at`) VALUES ('69', '98', '8', 'Repudiandae itaque corrupti voluptas cupiditate iure natus. Ullam aut voluptatem sed ad fugit. Nisi fugiat voluptatem inventore cumque nisi unde facilis.', '1987-02-04 09:38:21', '1997-05-10 20:36:23');
INSERT INTO `comments` (`id`, `user_id`, `post_id`, `comment`, `created_at`, `updated_at`) VALUES ('70', '11', '31', 'Facilis id voluptatem architecto. Nulla ut quae harum hic et. Iusto est in maiores unde quo. Ex eaque dolor provident cumque assumenda modi.', '1998-07-18 03:18:16', '1972-02-05 09:11:54');
INSERT INTO `comments` (`id`, `user_id`, `post_id`, `comment`, `created_at`, `updated_at`) VALUES ('71', '78', '62', 'Temporibus repellendus quod quis repudiandae. Doloremque nam adipisci unde vel quos aut et. Molestias repellendus perferendis ad et. Distinctio esse nostrum facilis placeat autem totam quibusdam.', '1985-01-14 19:08:03', '2000-01-10 20:44:44');
INSERT INTO `comments` (`id`, `user_id`, `post_id`, `comment`, `created_at`, `updated_at`) VALUES ('72', '59', '57', 'Excepturi et id aspernatur vitae. Error incidunt iste iure. Cupiditate ea quia cum deserunt in temporibus.', '1973-04-03 09:08:39', '2015-03-26 19:13:53');
INSERT INTO `comments` (`id`, `user_id`, `post_id`, `comment`, `created_at`, `updated_at`) VALUES ('73', '68', '7', 'Earum veniam rerum dolore dolore. Quod quaerat optio ea neque quisquam. Dolorum nostrum mollitia ex rerum vitae. Quia facere sint fugiat sapiente officiis.', '2005-01-28 06:13:20', '2003-07-09 02:44:02');
INSERT INTO `comments` (`id`, `user_id`, `post_id`, `comment`, `created_at`, `updated_at`) VALUES ('74', '55', '54', 'Qui sed non nobis veniam. Dolore sit qui ducimus repellendus nostrum qui. Quis repellendus consequuntur aut tempora. Aut eaque temporibus est.', '2013-05-05 11:25:47', '1984-01-15 14:13:40');
INSERT INTO `comments` (`id`, `user_id`, `post_id`, `comment`, `created_at`, `updated_at`) VALUES ('75', '93', '66', 'Laboriosam veniam consequatur reprehenderit sit eius ipsa. Est odit voluptatem quia in. Non sint assumenda commodi vel placeat. Nihil voluptates ex quia harum quae velit quia provident.', '2016-01-15 11:49:31', '1986-10-01 13:26:56');
INSERT INTO `comments` (`id`, `user_id`, `post_id`, `comment`, `created_at`, `updated_at`) VALUES ('76', '94', '51', 'Sed ipsa in repellat dolores. A molestiae accusantium velit voluptate. Non quod qui non debitis. Ad doloribus itaque adipisci id error commodi est.', '2013-07-14 00:33:58', '2016-03-01 18:38:02');
INSERT INTO `comments` (`id`, `user_id`, `post_id`, `comment`, `created_at`, `updated_at`) VALUES ('77', '99', '16', 'Iusto provident earum sed adipisci. Est sunt eos quo possimus et in. Rerum ut odio ut deserunt.', '1971-03-09 09:49:14', '2004-02-19 03:55:34');
INSERT INTO `comments` (`id`, `user_id`, `post_id`, `comment`, `created_at`, `updated_at`) VALUES ('78', '97', '59', 'Nobis nihil minima suscipit vitae similique maxime voluptatem eligendi. Et et enim voluptas sit dolor voluptas. Fugit recusandae cum illum rem sunt dolore rerum voluptatem.', '2006-06-26 15:57:15', '1971-06-29 06:10:36');
INSERT INTO `comments` (`id`, `user_id`, `post_id`, `comment`, `created_at`, `updated_at`) VALUES ('79', '67', '65', 'Quos corrupti voluptatem iusto fuga omnis impedit rerum. Itaque sed quas illo ut ipsum facere. Fugit quo aut quo minima quia quod.', '2015-11-03 00:38:33', '1991-09-24 20:59:05');
INSERT INTO `comments` (`id`, `user_id`, `post_id`, `comment`, `created_at`, `updated_at`) VALUES ('80', '24', '3', 'Incidunt aut doloremque numquam eum deleniti iusto at et. Ab ipsam repellendus atque architecto velit. Doloremque provident fugiat fugit explicabo inventore deserunt.', '1978-07-08 21:26:30', '2017-11-20 17:55:42');
INSERT INTO `comments` (`id`, `user_id`, `post_id`, `comment`, `created_at`, `updated_at`) VALUES ('81', '31', '31', 'Id nam impedit non odio quis et itaque. Sit fugit quibusdam sit dolores. Qui corrupti velit reiciendis eaque et mollitia voluptatem.', '2012-04-09 12:42:16', '1984-02-14 12:41:35');
INSERT INTO `comments` (`id`, `user_id`, `post_id`, `comment`, `created_at`, `updated_at`) VALUES ('82', '38', '97', 'Eaque eius in nostrum consequatur vitae fugiat accusantium sed. Pariatur itaque ullam fugit earum nihil sed pariatur. Voluptas aperiam quia et facere architecto quis exercitationem.', '2020-06-20 02:58:59', '1972-09-05 09:02:36');
INSERT INTO `comments` (`id`, `user_id`, `post_id`, `comment`, `created_at`, `updated_at`) VALUES ('83', '99', '19', 'Consequatur voluptatem optio dolor error voluptatem. Omnis aspernatur perferendis beatae omnis aperiam quam. Error recusandae perspiciatis cumque qui aut sequi id eum.', '2007-03-28 04:53:30', '1992-11-27 16:58:58');
INSERT INTO `comments` (`id`, `user_id`, `post_id`, `comment`, `created_at`, `updated_at`) VALUES ('84', '53', '97', 'Ullam accusantium earum minima. Dolores et saepe distinctio nihil iure nihil. Laboriosam mollitia ut non voluptatibus soluta dolorem laborum.', '1985-12-25 11:43:36', '2011-07-09 22:57:59');
INSERT INTO `comments` (`id`, `user_id`, `post_id`, `comment`, `created_at`, `updated_at`) VALUES ('85', '26', '64', 'Distinctio sint odio mollitia natus fugit sed quae. Et quia omnis delectus est sit sapiente. Eius culpa deserunt expedita ut voluptatem sit.', '2009-02-27 20:24:53', '1994-01-20 22:55:57');
INSERT INTO `comments` (`id`, `user_id`, `post_id`, `comment`, `created_at`, `updated_at`) VALUES ('86', '27', '4', 'Cumque earum sit quia esse. Culpa aut nesciunt hic consequatur laborum iusto at. Ratione ipsam debitis enim ipsam necessitatibus illo.', '2008-04-25 01:18:47', '1999-10-07 05:30:49');
INSERT INTO `comments` (`id`, `user_id`, `post_id`, `comment`, `created_at`, `updated_at`) VALUES ('87', '25', '86', 'Quidem non numquam et enim quia quasi nulla. Voluptas enim ab et aperiam. Voluptas explicabo architecto aperiam sint officia. Voluptatem voluptas quae eum iste.', '2010-06-07 19:55:26', '2004-09-02 03:12:10');
INSERT INTO `comments` (`id`, `user_id`, `post_id`, `comment`, `created_at`, `updated_at`) VALUES ('88', '61', '93', 'Odio est occaecati minus nesciunt officiis. Odit nemo laborum consectetur. Omnis qui ipsa sed ut totam. Facilis consectetur nobis et voluptates qui itaque delectus dicta.', '1973-06-24 05:55:55', '2016-07-31 01:36:43');
INSERT INTO `comments` (`id`, `user_id`, `post_id`, `comment`, `created_at`, `updated_at`) VALUES ('89', '93', '15', 'Tenetur tempore non qui nihil voluptatum et. Ad fugit aut voluptatem dolores neque autem. Ipsum itaque voluptas eius dolores voluptate.', '2014-08-14 22:41:49', '2013-02-02 22:28:24');
INSERT INTO `comments` (`id`, `user_id`, `post_id`, `comment`, `created_at`, `updated_at`) VALUES ('90', '46', '86', 'Est aperiam corporis nam distinctio. Ratione est ullam voluptas voluptatem esse aut eligendi. Aliquam temporibus sed quod molestiae nam laborum.', '2011-12-23 16:38:24', '2018-12-06 16:54:08');
INSERT INTO `comments` (`id`, `user_id`, `post_id`, `comment`, `created_at`, `updated_at`) VALUES ('91', '81', '40', 'In dolores quia officia sequi. Voluptatibus ducimus quae officiis rem non. Eos expedita a reprehenderit deserunt. Officia eum voluptatem dicta et labore deleniti.', '1978-02-18 23:56:45', '2018-10-10 03:32:50');
INSERT INTO `comments` (`id`, `user_id`, `post_id`, `comment`, `created_at`, `updated_at`) VALUES ('92', '36', '79', 'Ex dicta ipsa minima voluptas facilis rerum voluptatem quae. Harum rerum voluptas consectetur facilis. Sunt hic earum veritatis aut nostrum asperiores amet. Nemo et dolor ut corporis praesentium.', '1990-08-13 10:21:44', '1978-05-30 17:25:29');
INSERT INTO `comments` (`id`, `user_id`, `post_id`, `comment`, `created_at`, `updated_at`) VALUES ('93', '55', '33', 'Tempora quam sed ut porro animi id voluptate. Inventore vel eligendi in qui. Quis velit et eos excepturi et autem. Soluta omnis consequatur dolorem ipsum officia.', '1996-05-12 01:58:55', '2016-12-28 14:46:17');
INSERT INTO `comments` (`id`, `user_id`, `post_id`, `comment`, `created_at`, `updated_at`) VALUES ('94', '38', '22', 'Aut velit magnam facilis nemo cum necessitatibus fugit adipisci. Numquam vero possimus reprehenderit ullam ea molestiae odit. Officia voluptatem amet nesciunt perferendis ab ab architecto in.', '1978-04-02 12:21:12', '1977-10-19 06:02:42');
INSERT INTO `comments` (`id`, `user_id`, `post_id`, `comment`, `created_at`, `updated_at`) VALUES ('95', '97', '61', 'Fuga impedit sed rem officia dolor. Iure sed id quam tempora ut natus. Recusandae omnis id non explicabo rem. Quia aut quis architecto expedita.', '2014-06-29 03:05:52', '1996-05-19 21:49:24');
INSERT INTO `comments` (`id`, `user_id`, `post_id`, `comment`, `created_at`, `updated_at`) VALUES ('96', '24', '28', 'Velit et qui at sunt necessitatibus quia. Laudantium rerum sint est explicabo pariatur consequuntur et. Voluptates repellendus voluptatem dicta tempore molestiae dolores.', '1989-08-02 03:12:18', '1982-07-10 23:51:29');
INSERT INTO `comments` (`id`, `user_id`, `post_id`, `comment`, `created_at`, `updated_at`) VALUES ('97', '92', '62', 'Et reiciendis nam veritatis ullam et. Accusantium non quia sed vero recusandae quisquam non. Earum minus pariatur qui quo eum.', '2014-03-05 19:03:48', '1985-11-24 12:45:19');
INSERT INTO `comments` (`id`, `user_id`, `post_id`, `comment`, `created_at`, `updated_at`) VALUES ('98', '24', '91', 'Porro consectetur dolores incidunt quod expedita doloribus repellendus. A nostrum adipisci odio ad quisquam. Aliquid ut dolore sed.', '1993-07-07 13:24:25', '1990-11-11 17:47:47');
INSERT INTO `comments` (`id`, `user_id`, `post_id`, `comment`, `created_at`, `updated_at`) VALUES ('99', '80', '76', 'Et laboriosam expedita placeat repellendus. Exercitationem corrupti culpa non qui nemo rem. Tenetur sed et molestiae distinctio est incidunt iste.', '1978-12-26 05:18:53', '1982-03-14 17:09:41');
INSERT INTO `comments` (`id`, `user_id`, `post_id`, `comment`, `created_at`, `updated_at`) VALUES ('100', '88', '6', 'Eum veniam dolores cum praesentium est recusandae sint qui. Architecto consequuntur ducimus quam. Et quam consequatur non sequi neque ratione. Dolorem voluptatem molestias officia enim enim quod.', '2005-10-22 08:54:13', '1991-08-24 02:02:39');


#
# TABLE STRUCTURE FOR: communities
#

DROP TABLE IF EXISTS `communities`;

CREATE TABLE `communities` (
  `id` bigint(20) unsigned NOT NULL AUTO_INCREMENT,
  `name` varchar(150) COLLATE utf8_unicode_ci DEFAULT NULL,
  PRIMARY KEY (`id`),
  KEY `name` (`name`)
) ENGINE=InnoDB AUTO_INCREMENT=101 DEFAULT CHARSET=utf8 COLLATE=utf8_unicode_ci;

INSERT INTO `communities` (`id`, `name`) VALUES ('81', 'a');
INSERT INTO `communities` (`id`, `name`) VALUES ('75', 'alias');
INSERT INTO `communities` (`id`, `name`) VALUES ('21', 'aliquam');
INSERT INTO `communities` (`id`, `name`) VALUES ('80', 'aliquam');
INSERT INTO `communities` (`id`, `name`) VALUES ('32', 'architecto');
INSERT INTO `communities` (`id`, `name`) VALUES ('46', 'at');
INSERT INTO `communities` (`id`, `name`) VALUES ('65', 'atque');
INSERT INTO `communities` (`id`, `name`) VALUES ('91', 'atque');
INSERT INTO `communities` (`id`, `name`) VALUES ('64', 'aut');
INSERT INTO `communities` (`id`, `name`) VALUES ('82', 'aut');
INSERT INTO `communities` (`id`, `name`) VALUES ('95', 'autem');
INSERT INTO `communities` (`id`, `name`) VALUES ('6', 'consequatur');
INSERT INTO `communities` (`id`, `name`) VALUES ('34', 'corporis');
INSERT INTO `communities` (`id`, `name`) VALUES ('27', 'corrupti');
INSERT INTO `communities` (`id`, `name`) VALUES ('40', 'debitis');
INSERT INTO `communities` (`id`, `name`) VALUES ('60', 'distinctio');
INSERT INTO `communities` (`id`, `name`) VALUES ('25', 'dolorem');
INSERT INTO `communities` (`id`, `name`) VALUES ('83', 'dolores');
INSERT INTO `communities` (`id`, `name`) VALUES ('22', 'dolorum');
INSERT INTO `communities` (`id`, `name`) VALUES ('5', 'ea');
INSERT INTO `communities` (`id`, `name`) VALUES ('62', 'ea');
INSERT INTO `communities` (`id`, `name`) VALUES ('33', 'eius');
INSERT INTO `communities` (`id`, `name`) VALUES ('79', 'eius');
INSERT INTO `communities` (`id`, `name`) VALUES ('74', 'enim');
INSERT INTO `communities` (`id`, `name`) VALUES ('47', 'eos');
INSERT INTO `communities` (`id`, `name`) VALUES ('70', 'eos');
INSERT INTO `communities` (`id`, `name`) VALUES ('67', 'est');
INSERT INTO `communities` (`id`, `name`) VALUES ('2', 'et');
INSERT INTO `communities` (`id`, `name`) VALUES ('29', 'et');
INSERT INTO `communities` (`id`, `name`) VALUES ('31', 'et');
INSERT INTO `communities` (`id`, `name`) VALUES ('37', 'et');
INSERT INTO `communities` (`id`, `name`) VALUES ('66', 'et');
INSERT INTO `communities` (`id`, `name`) VALUES ('90', 'et');
INSERT INTO `communities` (`id`, `name`) VALUES ('4', 'eum');
INSERT INTO `communities` (`id`, `name`) VALUES ('16', 'fuga');
INSERT INTO `communities` (`id`, `name`) VALUES ('69', 'fugiat');
INSERT INTO `communities` (`id`, `name`) VALUES ('35', 'illo');
INSERT INTO `communities` (`id`, `name`) VALUES ('41', 'illum');
INSERT INTO `communities` (`id`, `name`) VALUES ('23', 'in');
INSERT INTO `communities` (`id`, `name`) VALUES ('57', 'in');
INSERT INTO `communities` (`id`, `name`) VALUES ('15', 'incidunt');
INSERT INTO `communities` (`id`, `name`) VALUES ('42', 'ipsa');
INSERT INTO `communities` (`id`, `name`) VALUES ('11', 'iste');
INSERT INTO `communities` (`id`, `name`) VALUES ('38', 'itaque');
INSERT INTO `communities` (`id`, `name`) VALUES ('54', 'iure');
INSERT INTO `communities` (`id`, `name`) VALUES ('24', 'laborum');
INSERT INTO `communities` (`id`, `name`) VALUES ('17', 'libero');
INSERT INTO `communities` (`id`, `name`) VALUES ('51', 'magnam');
INSERT INTO `communities` (`id`, `name`) VALUES ('55', 'magnam');
INSERT INTO `communities` (`id`, `name`) VALUES ('71', 'minima');
INSERT INTO `communities` (`id`, `name`) VALUES ('13', 'molestiae');
INSERT INTO `communities` (`id`, `name`) VALUES ('61', 'molestiae');
INSERT INTO `communities` (`id`, `name`) VALUES ('50', 'nisi');
INSERT INTO `communities` (`id`, `name`) VALUES ('12', 'non');
INSERT INTO `communities` (`id`, `name`) VALUES ('94', 'non');
INSERT INTO `communities` (`id`, `name`) VALUES ('8', 'nostrum');
INSERT INTO `communities` (`id`, `name`) VALUES ('93', 'odio');
INSERT INTO `communities` (`id`, `name`) VALUES ('78', 'pariatur');
INSERT INTO `communities` (`id`, `name`) VALUES ('7', 'perferendis');
INSERT INTO `communities` (`id`, `name`) VALUES ('77', 'perspiciatis');
INSERT INTO `communities` (`id`, `name`) VALUES ('99', 'quaerat');
INSERT INTO `communities` (`id`, `name`) VALUES ('10', 'quas');
INSERT INTO `communities` (`id`, `name`) VALUES ('9', 'qui');
INSERT INTO `communities` (`id`, `name`) VALUES ('39', 'qui');
INSERT INTO `communities` (`id`, `name`) VALUES ('56', 'qui');
INSERT INTO `communities` (`id`, `name`) VALUES ('76', 'qui');
INSERT INTO `communities` (`id`, `name`) VALUES ('88', 'qui');
INSERT INTO `communities` (`id`, `name`) VALUES ('92', 'quia');
INSERT INTO `communities` (`id`, `name`) VALUES ('43', 'quis');
INSERT INTO `communities` (`id`, `name`) VALUES ('49', 'quis');
INSERT INTO `communities` (`id`, `name`) VALUES ('1', 'quo');
INSERT INTO `communities` (`id`, `name`) VALUES ('100', 'recusandae');
INSERT INTO `communities` (`id`, `name`) VALUES ('59', 'repellat');
INSERT INTO `communities` (`id`, `name`) VALUES ('48', 'reprehenderit');
INSERT INTO `communities` (`id`, `name`) VALUES ('44', 'repudiandae');
INSERT INTO `communities` (`id`, `name`) VALUES ('63', 'repudiandae');
INSERT INTO `communities` (`id`, `name`) VALUES ('84', 'repudiandae');
INSERT INTO `communities` (`id`, `name`) VALUES ('87', 'rerum');
INSERT INTO `communities` (`id`, `name`) VALUES ('98', 'rerum');
INSERT INTO `communities` (`id`, `name`) VALUES ('18', 'sapiente');
INSERT INTO `communities` (`id`, `name`) VALUES ('52', 'sapiente');
INSERT INTO `communities` (`id`, `name`) VALUES ('30', 'sed');
INSERT INTO `communities` (`id`, `name`) VALUES ('26', 'sit');
INSERT INTO `communities` (`id`, `name`) VALUES ('58', 'soluta');
INSERT INTO `communities` (`id`, `name`) VALUES ('73', 'sunt');
INSERT INTO `communities` (`id`, `name`) VALUES ('85', 'sunt');
INSERT INTO `communities` (`id`, `name`) VALUES ('96', 'sunt');
INSERT INTO `communities` (`id`, `name`) VALUES ('28', 'suscipit');
INSERT INTO `communities` (`id`, `name`) VALUES ('68', 'tempora');
INSERT INTO `communities` (`id`, `name`) VALUES ('53', 'temporibus');
INSERT INTO `communities` (`id`, `name`) VALUES ('3', 'tenetur');
INSERT INTO `communities` (`id`, `name`) VALUES ('14', 'totam');
INSERT INTO `communities` (`id`, `name`) VALUES ('20', 'totam');
INSERT INTO `communities` (`id`, `name`) VALUES ('45', 'totam');
INSERT INTO `communities` (`id`, `name`) VALUES ('89', 'ut');
INSERT INTO `communities` (`id`, `name`) VALUES ('97', 'ut');
INSERT INTO `communities` (`id`, `name`) VALUES ('19', 'vel');
INSERT INTO `communities` (`id`, `name`) VALUES ('86', 'voluptate');
INSERT INTO `communities` (`id`, `name`) VALUES ('36', 'voluptates');
INSERT INTO `communities` (`id`, `name`) VALUES ('72', 'voluptates');


#
# TABLE STRUCTURE FOR: friend_requests
#

DROP TABLE IF EXISTS `friend_requests`;

CREATE TABLE `friend_requests` (
  `initiator_user_id` bigint(20) unsigned NOT NULL,
  `target_user_id` bigint(20) unsigned NOT NULL,
  `status` enum('requested','approved','unfriended','declined') COLLATE utf8_unicode_ci DEFAULT NULL,
  `requested_at` datetime DEFAULT current_timestamp(),
  `confirmed_at` datetime DEFAULT current_timestamp() ON UPDATE current_timestamp(),
  PRIMARY KEY (`initiator_user_id`,`target_user_id`),
  KEY `initiator_user_id` (`initiator_user_id`),
  KEY `target_user_id` (`target_user_id`),
  CONSTRAINT `friend_requests_ibfk_1` FOREIGN KEY (`initiator_user_id`) REFERENCES `users` (`id`),
  CONSTRAINT `friend_requests_ibfk_2` FOREIGN KEY (`target_user_id`) REFERENCES `users` (`id`)
) ENGINE=InnoDB DEFAULT CHARSET=utf8 COLLATE=utf8_unicode_ci;

INSERT INTO `friend_requests` (`initiator_user_id`, `target_user_id`, `status`, `requested_at`, `confirmed_at`) VALUES ('2', '85', 'requested', '1995-05-22 11:43:55', '2008-07-25 01:56:59');
INSERT INTO `friend_requests` (`initiator_user_id`, `target_user_id`, `status`, `requested_at`, `confirmed_at`) VALUES ('3', '44', 'requested', '1997-05-08 04:51:04', '1984-12-25 10:17:47');
INSERT INTO `friend_requests` (`initiator_user_id`, `target_user_id`, `status`, `requested_at`, `confirmed_at`) VALUES ('4', '78', 'approved', '2017-12-18 00:01:34', '2012-02-25 20:59:49');
INSERT INTO `friend_requests` (`initiator_user_id`, `target_user_id`, `status`, `requested_at`, `confirmed_at`) VALUES ('5', '18', 'requested', '1988-01-20 20:59:51', '1979-03-23 14:27:31');
INSERT INTO `friend_requests` (`initiator_user_id`, `target_user_id`, `status`, `requested_at`, `confirmed_at`) VALUES ('5', '30', 'approved', '1994-04-03 21:30:24', '1970-03-23 02:53:09');
INSERT INTO `friend_requests` (`initiator_user_id`, `target_user_id`, `status`, `requested_at`, `confirmed_at`) VALUES ('6', '12', 'approved', '2016-11-02 18:57:02', '1977-04-05 01:48:44');
INSERT INTO `friend_requests` (`initiator_user_id`, `target_user_id`, `status`, `requested_at`, `confirmed_at`) VALUES ('7', '21', 'requested', '2018-10-29 18:57:50', '2016-10-04 12:15:18');
INSERT INTO `friend_requests` (`initiator_user_id`, `target_user_id`, `status`, `requested_at`, `confirmed_at`) VALUES ('8', '29', 'requested', '1991-10-30 07:03:00', '2017-07-02 08:20:18');
INSERT INTO `friend_requests` (`initiator_user_id`, `target_user_id`, `status`, `requested_at`, `confirmed_at`) VALUES ('8', '65', 'declined', '1992-12-12 06:41:35', '1998-09-05 18:11:06');
INSERT INTO `friend_requests` (`initiator_user_id`, `target_user_id`, `status`, `requested_at`, `confirmed_at`) VALUES ('9', '22', 'unfriended', '1973-10-08 11:52:25', '2017-03-31 07:42:12');
INSERT INTO `friend_requests` (`initiator_user_id`, `target_user_id`, `status`, `requested_at`, `confirmed_at`) VALUES ('9', '87', 'unfriended', '1981-08-14 05:54:38', '2007-01-20 21:20:05');
INSERT INTO `friend_requests` (`initiator_user_id`, `target_user_id`, `status`, `requested_at`, `confirmed_at`) VALUES ('9', '88', 'declined', '1984-02-05 21:09:27', '1986-03-23 12:12:01');
INSERT INTO `friend_requests` (`initiator_user_id`, `target_user_id`, `status`, `requested_at`, `confirmed_at`) VALUES ('10', '3', 'approved', '2011-05-05 02:58:36', '1976-10-29 06:27:50');
INSERT INTO `friend_requests` (`initiator_user_id`, `target_user_id`, `status`, `requested_at`, `confirmed_at`) VALUES ('10', '96', 'declined', '1985-10-06 17:53:01', '1991-12-26 18:08:37');
INSERT INTO `friend_requests` (`initiator_user_id`, `target_user_id`, `status`, `requested_at`, `confirmed_at`) VALUES ('11', '72', 'declined', '2001-04-11 23:13:04', '1977-03-07 15:56:26');
INSERT INTO `friend_requests` (`initiator_user_id`, `target_user_id`, `status`, `requested_at`, `confirmed_at`) VALUES ('14', '24', 'declined', '2020-06-30 13:12:04', '1996-11-05 05:56:16');
INSERT INTO `friend_requests` (`initiator_user_id`, `target_user_id`, `status`, `requested_at`, `confirmed_at`) VALUES ('14', '100', 'requested', '2001-12-21 08:07:03', '1976-05-11 13:58:22');
INSERT INTO `friend_requests` (`initiator_user_id`, `target_user_id`, `status`, `requested_at`, `confirmed_at`) VALUES ('15', '53', 'requested', '2002-01-30 04:49:33', '1998-03-18 06:52:06');
INSERT INTO `friend_requests` (`initiator_user_id`, `target_user_id`, `status`, `requested_at`, `confirmed_at`) VALUES ('16', '24', 'requested', '1993-02-09 06:34:39', '1979-10-15 09:47:12');
INSERT INTO `friend_requests` (`initiator_user_id`, `target_user_id`, `status`, `requested_at`, `confirmed_at`) VALUES ('16', '27', 'requested', '2005-10-14 20:20:33', '1985-03-09 02:15:51');
INSERT INTO `friend_requests` (`initiator_user_id`, `target_user_id`, `status`, `requested_at`, `confirmed_at`) VALUES ('18', '15', 'declined', '1985-03-02 09:03:07', '1978-11-11 03:03:34');
INSERT INTO `friend_requests` (`initiator_user_id`, `target_user_id`, `status`, `requested_at`, `confirmed_at`) VALUES ('18', '63', 'approved', '1975-08-30 16:48:04', '1974-06-07 11:29:08');
INSERT INTO `friend_requests` (`initiator_user_id`, `target_user_id`, `status`, `requested_at`, `confirmed_at`) VALUES ('18', '71', 'declined', '1971-01-23 09:00:39', '2015-06-27 10:45:35');
INSERT INTO `friend_requests` (`initiator_user_id`, `target_user_id`, `status`, `requested_at`, `confirmed_at`) VALUES ('19', '33', 'requested', '2012-02-01 12:37:13', '1997-09-14 19:33:15');
INSERT INTO `friend_requests` (`initiator_user_id`, `target_user_id`, `status`, `requested_at`, `confirmed_at`) VALUES ('19', '82', 'declined', '1977-09-11 05:04:13', '2005-01-16 08:51:10');
INSERT INTO `friend_requests` (`initiator_user_id`, `target_user_id`, `status`, `requested_at`, `confirmed_at`) VALUES ('22', '6', 'approved', '2008-01-26 15:26:10', '1983-11-24 17:55:24');
INSERT INTO `friend_requests` (`initiator_user_id`, `target_user_id`, `status`, `requested_at`, `confirmed_at`) VALUES ('23', '11', 'requested', '2020-05-26 01:03:18', '2002-07-29 17:29:47');
INSERT INTO `friend_requests` (`initiator_user_id`, `target_user_id`, `status`, `requested_at`, `confirmed_at`) VALUES ('26', '63', 'requested', '2019-01-14 15:23:42', '2007-12-04 01:03:08');
INSERT INTO `friend_requests` (`initiator_user_id`, `target_user_id`, `status`, `requested_at`, `confirmed_at`) VALUES ('27', '24', 'unfriended', '1982-08-23 14:58:51', '1983-04-17 23:02:07');
INSERT INTO `friend_requests` (`initiator_user_id`, `target_user_id`, `status`, `requested_at`, `confirmed_at`) VALUES ('30', '5', 'declined', '1985-04-07 08:13:15', '2011-11-10 22:13:29');
INSERT INTO `friend_requests` (`initiator_user_id`, `target_user_id`, `status`, `requested_at`, `confirmed_at`) VALUES ('30', '29', 'unfriended', '1981-05-03 06:17:34', '1972-08-27 20:34:28');
INSERT INTO `friend_requests` (`initiator_user_id`, `target_user_id`, `status`, `requested_at`, `confirmed_at`) VALUES ('31', '83', 'requested', '1972-10-01 04:28:25', '2010-10-28 03:33:42');
INSERT INTO `friend_requests` (`initiator_user_id`, `target_user_id`, `status`, `requested_at`, `confirmed_at`) VALUES ('32', '73', 'unfriended', '1993-02-01 02:44:05', '1983-12-29 23:20:23');
INSERT INTO `friend_requests` (`initiator_user_id`, `target_user_id`, `status`, `requested_at`, `confirmed_at`) VALUES ('33', '36', 'declined', '1985-07-15 07:57:30', '2016-06-15 01:57:37');
INSERT INTO `friend_requests` (`initiator_user_id`, `target_user_id`, `status`, `requested_at`, `confirmed_at`) VALUES ('33', '66', 'approved', '2009-11-14 10:34:01', '1977-12-06 05:08:49');
INSERT INTO `friend_requests` (`initiator_user_id`, `target_user_id`, `status`, `requested_at`, `confirmed_at`) VALUES ('33', '88', 'requested', '1977-03-15 14:35:53', '1992-02-24 12:50:48');
INSERT INTO `friend_requests` (`initiator_user_id`, `target_user_id`, `status`, `requested_at`, `confirmed_at`) VALUES ('34', '48', 'approved', '1980-10-10 00:31:01', '2012-02-01 19:08:13');
INSERT INTO `friend_requests` (`initiator_user_id`, `target_user_id`, `status`, `requested_at`, `confirmed_at`) VALUES ('35', '52', 'unfriended', '1971-03-29 09:26:43', '1983-11-11 18:51:12');
INSERT INTO `friend_requests` (`initiator_user_id`, `target_user_id`, `status`, `requested_at`, `confirmed_at`) VALUES ('35', '82', 'requested', '1994-11-15 21:49:57', '1980-06-09 14:30:19');
INSERT INTO `friend_requests` (`initiator_user_id`, `target_user_id`, `status`, `requested_at`, `confirmed_at`) VALUES ('38', '65', 'requested', '2014-08-21 11:46:14', '1999-10-09 16:45:07');
INSERT INTO `friend_requests` (`initiator_user_id`, `target_user_id`, `status`, `requested_at`, `confirmed_at`) VALUES ('39', '56', 'requested', '1992-04-03 16:03:51', '1997-08-27 04:39:26');
INSERT INTO `friend_requests` (`initiator_user_id`, `target_user_id`, `status`, `requested_at`, `confirmed_at`) VALUES ('39', '79', 'requested', '2016-01-20 16:02:00', '1996-08-22 05:33:42');
INSERT INTO `friend_requests` (`initiator_user_id`, `target_user_id`, `status`, `requested_at`, `confirmed_at`) VALUES ('42', '18', 'unfriended', '1976-01-08 05:01:42', '1993-06-17 21:41:58');
INSERT INTO `friend_requests` (`initiator_user_id`, `target_user_id`, `status`, `requested_at`, `confirmed_at`) VALUES ('46', '34', 'approved', '1995-05-12 09:47:24', '1992-10-21 07:39:28');
INSERT INTO `friend_requests` (`initiator_user_id`, `target_user_id`, `status`, `requested_at`, `confirmed_at`) VALUES ('47', '47', 'declined', '1976-05-12 18:20:08', '2019-02-21 04:29:40');
INSERT INTO `friend_requests` (`initiator_user_id`, `target_user_id`, `status`, `requested_at`, `confirmed_at`) VALUES ('48', '96', 'approved', '2003-04-13 21:10:52', '2019-01-27 06:10:26');
INSERT INTO `friend_requests` (`initiator_user_id`, `target_user_id`, `status`, `requested_at`, `confirmed_at`) VALUES ('49', '17', 'approved', '2010-01-27 19:56:21', '1994-06-06 19:23:37');
INSERT INTO `friend_requests` (`initiator_user_id`, `target_user_id`, `status`, `requested_at`, `confirmed_at`) VALUES ('49', '98', 'approved', '1982-10-29 21:50:53', '2020-06-18 13:53:05');
INSERT INTO `friend_requests` (`initiator_user_id`, `target_user_id`, `status`, `requested_at`, `confirmed_at`) VALUES ('50', '21', 'declined', '2011-03-05 04:12:49', '1972-07-20 13:25:22');
INSERT INTO `friend_requests` (`initiator_user_id`, `target_user_id`, `status`, `requested_at`, `confirmed_at`) VALUES ('50', '24', 'approved', '2019-04-30 11:52:08', '2010-11-12 15:16:02');
INSERT INTO `friend_requests` (`initiator_user_id`, `target_user_id`, `status`, `requested_at`, `confirmed_at`) VALUES ('50', '65', 'declined', '2002-11-22 23:42:35', '1986-01-29 11:58:58');
INSERT INTO `friend_requests` (`initiator_user_id`, `target_user_id`, `status`, `requested_at`, `confirmed_at`) VALUES ('51', '23', 'unfriended', '1992-05-29 10:40:34', '2011-07-15 14:46:43');
INSERT INTO `friend_requests` (`initiator_user_id`, `target_user_id`, `status`, `requested_at`, `confirmed_at`) VALUES ('52', '54', 'requested', '1987-06-27 23:01:29', '1996-11-14 20:58:54');
INSERT INTO `friend_requests` (`initiator_user_id`, `target_user_id`, `status`, `requested_at`, `confirmed_at`) VALUES ('53', '88', 'approved', '1998-02-13 20:02:25', '1974-07-27 10:18:05');
INSERT INTO `friend_requests` (`initiator_user_id`, `target_user_id`, `status`, `requested_at`, `confirmed_at`) VALUES ('53', '94', 'approved', '1984-02-12 09:30:35', '2004-05-31 20:10:44');
INSERT INTO `friend_requests` (`initiator_user_id`, `target_user_id`, `status`, `requested_at`, `confirmed_at`) VALUES ('54', '1', 'requested', '2009-10-04 11:30:48', '2007-05-04 17:47:28');
INSERT INTO `friend_requests` (`initiator_user_id`, `target_user_id`, `status`, `requested_at`, `confirmed_at`) VALUES ('55', '85', 'approved', '1991-06-27 08:33:20', '2014-11-10 09:15:41');
INSERT INTO `friend_requests` (`initiator_user_id`, `target_user_id`, `status`, `requested_at`, `confirmed_at`) VALUES ('56', '15', 'approved', '1987-03-28 06:40:48', '2002-12-29 13:07:44');
INSERT INTO `friend_requests` (`initiator_user_id`, `target_user_id`, `status`, `requested_at`, `confirmed_at`) VALUES ('56', '35', 'approved', '2012-11-14 02:34:57', '2013-12-19 10:31:15');
INSERT INTO `friend_requests` (`initiator_user_id`, `target_user_id`, `status`, `requested_at`, `confirmed_at`) VALUES ('58', '94', 'unfriended', '1981-07-19 14:47:49', '1992-07-09 08:53:05');
INSERT INTO `friend_requests` (`initiator_user_id`, `target_user_id`, `status`, `requested_at`, `confirmed_at`) VALUES ('59', '30', 'requested', '2011-11-15 14:03:24', '1980-06-11 09:58:30');
INSERT INTO `friend_requests` (`initiator_user_id`, `target_user_id`, `status`, `requested_at`, `confirmed_at`) VALUES ('59', '43', 'declined', '1974-01-16 18:23:18', '1980-10-01 18:19:01');
INSERT INTO `friend_requests` (`initiator_user_id`, `target_user_id`, `status`, `requested_at`, `confirmed_at`) VALUES ('60', '39', 'unfriended', '2013-12-14 13:42:12', '2001-02-26 23:14:59');
INSERT INTO `friend_requests` (`initiator_user_id`, `target_user_id`, `status`, `requested_at`, `confirmed_at`) VALUES ('60', '75', 'unfriended', '2010-10-27 05:18:34', '2002-07-26 09:25:36');
INSERT INTO `friend_requests` (`initiator_user_id`, `target_user_id`, `status`, `requested_at`, `confirmed_at`) VALUES ('61', '59', 'approved', '2003-08-16 09:44:34', '2014-10-28 04:41:54');
INSERT INTO `friend_requests` (`initiator_user_id`, `target_user_id`, `status`, `requested_at`, `confirmed_at`) VALUES ('64', '5', 'declined', '1979-11-01 06:04:56', '1975-08-13 11:26:08');
INSERT INTO `friend_requests` (`initiator_user_id`, `target_user_id`, `status`, `requested_at`, `confirmed_at`) VALUES ('64', '60', 'unfriended', '1984-04-17 08:31:29', '2018-06-23 08:21:40');
INSERT INTO `friend_requests` (`initiator_user_id`, `target_user_id`, `status`, `requested_at`, `confirmed_at`) VALUES ('69', '10', 'requested', '2007-10-01 05:08:48', '1981-02-04 09:07:49');
INSERT INTO `friend_requests` (`initiator_user_id`, `target_user_id`, `status`, `requested_at`, `confirmed_at`) VALUES ('69', '86', 'requested', '1979-11-22 03:45:40', '2013-05-23 12:10:27');
INSERT INTO `friend_requests` (`initiator_user_id`, `target_user_id`, `status`, `requested_at`, `confirmed_at`) VALUES ('71', '29', 'approved', '2014-05-21 03:09:02', '2017-11-09 11:40:58');
INSERT INTO `friend_requests` (`initiator_user_id`, `target_user_id`, `status`, `requested_at`, `confirmed_at`) VALUES ('74', '58', 'requested', '1989-08-21 02:04:51', '2016-05-05 19:19:25');
INSERT INTO `friend_requests` (`initiator_user_id`, `target_user_id`, `status`, `requested_at`, `confirmed_at`) VALUES ('76', '43', 'requested', '2017-05-15 17:21:44', '1979-10-03 01:55:36');
INSERT INTO `friend_requests` (`initiator_user_id`, `target_user_id`, `status`, `requested_at`, `confirmed_at`) VALUES ('77', '35', 'declined', '2010-02-18 10:11:40', '2016-03-18 04:32:45');
INSERT INTO `friend_requests` (`initiator_user_id`, `target_user_id`, `status`, `requested_at`, `confirmed_at`) VALUES ('78', '22', 'approved', '2006-06-09 18:25:07', '2017-06-05 20:44:33');
INSERT INTO `friend_requests` (`initiator_user_id`, `target_user_id`, `status`, `requested_at`, `confirmed_at`) VALUES ('78', '57', 'requested', '1987-03-25 06:11:39', '1984-06-08 21:05:51');
INSERT INTO `friend_requests` (`initiator_user_id`, `target_user_id`, `status`, `requested_at`, `confirmed_at`) VALUES ('79', '16', 'approved', '1974-11-09 08:20:36', '1973-12-27 17:01:52');
INSERT INTO `friend_requests` (`initiator_user_id`, `target_user_id`, `status`, `requested_at`, `confirmed_at`) VALUES ('80', '4', 'requested', '1986-05-29 07:22:29', '2016-03-26 03:34:17');
INSERT INTO `friend_requests` (`initiator_user_id`, `target_user_id`, `status`, `requested_at`, `confirmed_at`) VALUES ('80', '38', 'requested', '1999-03-05 18:34:18', '1980-11-18 22:18:40');
INSERT INTO `friend_requests` (`initiator_user_id`, `target_user_id`, `status`, `requested_at`, `confirmed_at`) VALUES ('80', '84', 'declined', '2003-01-25 00:48:25', '2002-10-24 15:31:20');
INSERT INTO `friend_requests` (`initiator_user_id`, `target_user_id`, `status`, `requested_at`, `confirmed_at`) VALUES ('80', '85', 'unfriended', '1983-04-11 15:18:09', '2000-09-11 18:05:42');
INSERT INTO `friend_requests` (`initiator_user_id`, `target_user_id`, `status`, `requested_at`, `confirmed_at`) VALUES ('81', '17', 'approved', '1988-08-11 16:37:58', '1984-11-26 10:06:43');
INSERT INTO `friend_requests` (`initiator_user_id`, `target_user_id`, `status`, `requested_at`, `confirmed_at`) VALUES ('81', '60', 'approved', '1994-07-30 19:19:02', '1995-04-22 23:11:50');
INSERT INTO `friend_requests` (`initiator_user_id`, `target_user_id`, `status`, `requested_at`, `confirmed_at`) VALUES ('81', '81', 'declined', '2013-08-21 13:12:40', '1998-12-24 12:26:30');
INSERT INTO `friend_requests` (`initiator_user_id`, `target_user_id`, `status`, `requested_at`, `confirmed_at`) VALUES ('81', '92', 'approved', '2010-12-09 18:53:17', '1974-09-22 22:08:18');
INSERT INTO `friend_requests` (`initiator_user_id`, `target_user_id`, `status`, `requested_at`, `confirmed_at`) VALUES ('82', '37', 'declined', '1973-06-09 02:18:26', '1973-08-21 20:23:18');
INSERT INTO `friend_requests` (`initiator_user_id`, `target_user_id`, `status`, `requested_at`, `confirmed_at`) VALUES ('82', '66', 'declined', '1973-09-12 21:20:00', '1985-09-10 09:15:59');
INSERT INTO `friend_requests` (`initiator_user_id`, `target_user_id`, `status`, `requested_at`, `confirmed_at`) VALUES ('83', '61', 'requested', '2011-09-28 22:03:37', '1994-12-31 04:26:10');
INSERT INTO `friend_requests` (`initiator_user_id`, `target_user_id`, `status`, `requested_at`, `confirmed_at`) VALUES ('84', '84', 'unfriended', '1995-01-27 21:11:12', '1990-12-25 05:40:17');
INSERT INTO `friend_requests` (`initiator_user_id`, `target_user_id`, `status`, `requested_at`, `confirmed_at`) VALUES ('85', '33', 'unfriended', '1982-09-23 03:21:16', '1990-06-29 05:05:07');
INSERT INTO `friend_requests` (`initiator_user_id`, `target_user_id`, `status`, `requested_at`, `confirmed_at`) VALUES ('87', '45', 'requested', '2006-02-09 20:48:11', '2020-07-27 08:30:31');
INSERT INTO `friend_requests` (`initiator_user_id`, `target_user_id`, `status`, `requested_at`, `confirmed_at`) VALUES ('89', '41', 'unfriended', '1989-02-26 13:22:33', '2006-08-18 17:23:15');
INSERT INTO `friend_requests` (`initiator_user_id`, `target_user_id`, `status`, `requested_at`, `confirmed_at`) VALUES ('90', '42', 'approved', '1978-02-07 21:52:17', '1996-07-25 00:58:19');
INSERT INTO `friend_requests` (`initiator_user_id`, `target_user_id`, `status`, `requested_at`, `confirmed_at`) VALUES ('91', '84', 'declined', '1979-08-03 17:05:21', '1970-01-29 17:15:48');
INSERT INTO `friend_requests` (`initiator_user_id`, `target_user_id`, `status`, `requested_at`, `confirmed_at`) VALUES ('96', '50', 'unfriended', '2004-06-27 23:54:36', '1974-10-12 08:25:30');
INSERT INTO `friend_requests` (`initiator_user_id`, `target_user_id`, `status`, `requested_at`, `confirmed_at`) VALUES ('96', '95', 'approved', '2016-04-15 06:00:01', '1995-05-08 11:22:15');
INSERT INTO `friend_requests` (`initiator_user_id`, `target_user_id`, `status`, `requested_at`, `confirmed_at`) VALUES ('97', '52', 'unfriended', '1990-08-22 18:59:14', '1990-10-17 16:57:15');
INSERT INTO `friend_requests` (`initiator_user_id`, `target_user_id`, `status`, `requested_at`, `confirmed_at`) VALUES ('99', '30', 'unfriended', '1988-06-28 01:09:48', '2017-01-04 23:22:16');
INSERT INTO `friend_requests` (`initiator_user_id`, `target_user_id`, `status`, `requested_at`, `confirmed_at`) VALUES ('100', '6', 'requested', '2012-05-30 22:36:32', '1995-12-27 11:59:07');
INSERT INTO `friend_requests` (`initiator_user_id`, `target_user_id`, `status`, `requested_at`, `confirmed_at`) VALUES ('100', '70', 'approved', '2019-02-01 08:44:21', '1982-12-25 08:32:44');


#
# TABLE STRUCTURE FOR: messages
#

DROP TABLE IF EXISTS `messages`;

CREATE TABLE `messages` (
  `id` bigint(20) unsigned NOT NULL AUTO_INCREMENT,
  `from_user_id` bigint(20) unsigned NOT NULL,
  `to_user_id` bigint(20) unsigned NOT NULL,
  `message` text COLLATE utf8_unicode_ci NOT NULL,
  `is_read` tinyint(1) DEFAULT 0,
  `created_at` datetime DEFAULT current_timestamp(),
  PRIMARY KEY (`id`),
  KEY `messages_from_user_id` (`from_user_id`),
  KEY `messages_to_user_id` (`to_user_id`),
  CONSTRAINT `messages_ibfk_1` FOREIGN KEY (`from_user_id`) REFERENCES `users` (`id`),
  CONSTRAINT `messages_ibfk_2` FOREIGN KEY (`to_user_id`) REFERENCES `users` (`id`)
) ENGINE=InnoDB AUTO_INCREMENT=101 DEFAULT CHARSET=utf8 COLLATE=utf8_unicode_ci;

INSERT INTO `messages` (`id`, `from_user_id`, `to_user_id`, `message`, `is_read`, `created_at`) VALUES ('1', '88', '9', 'Sint similique voluptatum eligendi temporibus occaecati nulla et repellendus. Et qui aut voluptatem minus ducimus qui. Possimus voluptas quasi excepturi eum. Blanditiis voluptatem illum nulla et atque velit vel.', 0, '1981-08-19 18:46:04');
INSERT INTO `messages` (`id`, `from_user_id`, `to_user_id`, `message`, `is_read`, `created_at`) VALUES ('2', '25', '92', 'Eos unde possimus nisi quibusdam. Modi atque ad et. Laudantium ipsam repudiandae atque deserunt impedit.', 1, '2001-07-29 20:39:01');
INSERT INTO `messages` (`id`, `from_user_id`, `to_user_id`, `message`, `is_read`, `created_at`) VALUES ('3', '62', '31', 'Et nihil quia est. Quibusdam sapiente soluta cupiditate id. Et debitis ducimus accusantium dolore ut exercitationem. Minus porro ut non excepturi ut.', 1, '1971-02-14 15:36:49');
INSERT INTO `messages` (`id`, `from_user_id`, `to_user_id`, `message`, `is_read`, `created_at`) VALUES ('4', '2', '29', 'Eligendi soluta qui dolor culpa quia. Distinctio temporibus ex repellat eligendi. Sint officiis culpa doloremque laboriosam.', 0, '2002-09-15 08:51:26');
INSERT INTO `messages` (`id`, `from_user_id`, `to_user_id`, `message`, `is_read`, `created_at`) VALUES ('5', '59', '79', 'Enim dignissimos et eveniet. Voluptatibus qui sit hic rerum.', 1, '1999-10-26 18:13:51');
INSERT INTO `messages` (`id`, `from_user_id`, `to_user_id`, `message`, `is_read`, `created_at`) VALUES ('6', '81', '21', 'Quaerat architecto reiciendis nihil omnis. Exercitationem et non aut pariatur sit maiores. Distinctio dolore nemo ad consequatur. Sed quis repellendus delectus consequatur et.', 1, '2016-10-16 13:19:03');
INSERT INTO `messages` (`id`, `from_user_id`, `to_user_id`, `message`, `is_read`, `created_at`) VALUES ('7', '100', '31', 'A perspiciatis quisquam perferendis dolor in odit quia. Tempore dolores id commodi culpa repellendus.', 1, '1990-09-20 07:15:10');
INSERT INTO `messages` (`id`, `from_user_id`, `to_user_id`, `message`, `is_read`, `created_at`) VALUES ('8', '59', '9', 'Et voluptates voluptas beatae rerum et eum. Rerum labore quibusdam non. Aut est fugit alias sint voluptatem consequatur. Cumque voluptatem adipisci aut. Corrupti neque magni quia aliquid.', 1, '1975-09-25 23:11:07');
INSERT INTO `messages` (`id`, `from_user_id`, `to_user_id`, `message`, `is_read`, `created_at`) VALUES ('9', '48', '72', 'Et distinctio illum fugit accusantium temporibus qui ipsam. Occaecati distinctio voluptate minus doloremque sunt. Ea accusantium cum ducimus consequatur.', 1, '1987-06-04 22:24:01');
INSERT INTO `messages` (`id`, `from_user_id`, `to_user_id`, `message`, `is_read`, `created_at`) VALUES ('10', '51', '92', 'Mollitia dolores dolor quam porro nihil nihil. Corrupti quis aut repellendus ut et eius recusandae. Quis iste non quia.', 0, '2016-08-12 09:35:26');
INSERT INTO `messages` (`id`, `from_user_id`, `to_user_id`, `message`, `is_read`, `created_at`) VALUES ('11', '94', '17', 'Ex voluptatem id facere quidem eos ducimus. Modi necessitatibus rerum possimus facere laudantium quo molestiae. Repudiandae est officia quibusdam provident qui.', 0, '1982-07-16 02:48:28');
INSERT INTO `messages` (`id`, `from_user_id`, `to_user_id`, `message`, `is_read`, `created_at`) VALUES ('12', '42', '91', 'Nulla quia dolore in reprehenderit sed quia velit. Minima libero aut voluptatem voluptates accusantium reprehenderit. Aut rerum sit quaerat earum consequuntur. Accusantium esse perspiciatis veritatis eligendi.', 1, '2010-11-30 07:19:05');
INSERT INTO `messages` (`id`, `from_user_id`, `to_user_id`, `message`, `is_read`, `created_at`) VALUES ('13', '41', '75', 'Ut tenetur cupiditate fugiat qui cupiditate eveniet eius blanditiis. Deserunt tempore molestias similique commodi. Incidunt enim alias deserunt sint in dolor laboriosam ut. Hic ullam tempore cupiditate.', 1, '2012-06-06 23:52:09');
INSERT INTO `messages` (`id`, `from_user_id`, `to_user_id`, `message`, `is_read`, `created_at`) VALUES ('14', '89', '77', 'Nostrum quia dolor quasi vero ipsum atque ipsum ut. Iusto vel voluptatibus aut delectus suscipit repellendus est. Est tempora quia et in fuga magni asperiores.', 0, '2011-05-11 22:15:18');
INSERT INTO `messages` (`id`, `from_user_id`, `to_user_id`, `message`, `is_read`, `created_at`) VALUES ('15', '20', '23', 'Est velit ut doloribus doloremque. Accusamus fugiat dolores illo omnis sapiente quisquam tempore. Temporibus sint qui dicta molestiae est blanditiis.', 1, '2010-02-02 01:48:35');
INSERT INTO `messages` (`id`, `from_user_id`, `to_user_id`, `message`, `is_read`, `created_at`) VALUES ('16', '13', '8', 'Atque illum sit nisi autem. Aspernatur officiis aliquid in repudiandae accusantium. Recusandae excepturi ut autem non ut provident. Officiis magnam qui quis eum.', 0, '1971-09-07 21:00:50');
INSERT INTO `messages` (`id`, `from_user_id`, `to_user_id`, `message`, `is_read`, `created_at`) VALUES ('17', '32', '38', 'Asperiores ipsa mollitia error repellat aperiam. Odio sed nobis autem. At at explicabo consequatur consequatur. Veniam ea accusamus est ullam enim nulla.', 0, '1998-05-23 10:54:11');
INSERT INTO `messages` (`id`, `from_user_id`, `to_user_id`, `message`, `is_read`, `created_at`) VALUES ('18', '99', '93', 'Ea illum perspiciatis sit est quia et. Magni facilis recusandae aut cum magnam perspiciatis. Eum omnis velit et.', 1, '2011-09-24 19:49:56');
INSERT INTO `messages` (`id`, `from_user_id`, `to_user_id`, `message`, `is_read`, `created_at`) VALUES ('19', '68', '1', 'Est placeat ut ea rerum dolore vitae. Repudiandae qui sit maiores iure rerum quibusdam corporis. Corrupti ut aut doloribus fuga voluptatem. Nihil et qui repellendus laudantium alias repudiandae quisquam recusandae.', 0, '1979-05-27 13:12:31');
INSERT INTO `messages` (`id`, `from_user_id`, `to_user_id`, `message`, `is_read`, `created_at`) VALUES ('20', '22', '27', 'Quod in illum aliquam quia. Omnis laudantium iste pariatur aut dolorum. Vel cupiditate vitae asperiores et.', 0, '1974-02-05 13:19:57');
INSERT INTO `messages` (`id`, `from_user_id`, `to_user_id`, `message`, `is_read`, `created_at`) VALUES ('21', '80', '2', 'Distinctio aut maiores doloremque suscipit sunt ea quia. Sequi a ipsum qui quae velit voluptatum accusamus tenetur. Dolores consequatur magnam possimus. Corrupti corrupti culpa sit provident.', 0, '2014-12-07 10:19:00');
INSERT INTO `messages` (`id`, `from_user_id`, `to_user_id`, `message`, `is_read`, `created_at`) VALUES ('22', '47', '79', 'Illo qui expedita consequatur quibusdam rerum sit consequuntur. Est vero tempore consequuntur id sed ipsa itaque.', 1, '1975-04-13 03:55:42');
INSERT INTO `messages` (`id`, `from_user_id`, `to_user_id`, `message`, `is_read`, `created_at`) VALUES ('23', '33', '5', 'Repudiandae assumenda quidem corrupti tempore. Recusandae impedit autem occaecati quos eum blanditiis. Fugit nobis culpa temporibus qui inventore soluta mollitia. Officiis mollitia at saepe velit placeat necessitatibus provident.', 1, '1985-06-21 00:35:24');
INSERT INTO `messages` (`id`, `from_user_id`, `to_user_id`, `message`, `is_read`, `created_at`) VALUES ('24', '87', '81', 'Voluptas ea omnis eum quos sed. Dignissimos vero fuga ipsam voluptas. Aut quas accusamus ut ad sunt temporibus.', 1, '1975-05-15 11:21:53');
INSERT INTO `messages` (`id`, `from_user_id`, `to_user_id`, `message`, `is_read`, `created_at`) VALUES ('25', '77', '38', 'Reprehenderit quas qui aliquam labore id ut saepe. Vel laborum sed rerum eaque. Modi autem at reiciendis ut. Molestias ratione dolorum nam sequi et vel.', 0, '1977-06-22 06:44:51');
INSERT INTO `messages` (`id`, `from_user_id`, `to_user_id`, `message`, `is_read`, `created_at`) VALUES ('26', '72', '70', 'Provident ea vitae est consequatur est dolor numquam. Et eius sed quaerat consectetur. Assumenda totam quos id amet.', 0, '1989-04-27 18:07:00');
INSERT INTO `messages` (`id`, `from_user_id`, `to_user_id`, `message`, `is_read`, `created_at`) VALUES ('27', '54', '14', 'Qui ea maiores quasi voluptates qui eum et voluptas. Laudantium adipisci eos dolorem recusandae. Laboriosam magnam perferendis voluptas. Ad velit pariatur debitis architecto expedita quibusdam debitis. Sit quo nesciunt qui non natus assumenda.', 1, '2011-03-02 13:46:27');
INSERT INTO `messages` (`id`, `from_user_id`, `to_user_id`, `message`, `is_read`, `created_at`) VALUES ('28', '60', '94', 'Dolore incidunt et qui dolore nihil est veritatis occaecati. Blanditiis maiores et voluptas. Ut mollitia distinctio a quasi officia voluptates aut.', 1, '1987-01-01 01:51:15');
INSERT INTO `messages` (`id`, `from_user_id`, `to_user_id`, `message`, `is_read`, `created_at`) VALUES ('29', '89', '49', 'Vero accusantium illum et voluptas inventore. Id neque dolorem est quos accusantium odio. Saepe laboriosam est veritatis ut maxime at.', 0, '1977-07-28 14:07:59');
INSERT INTO `messages` (`id`, `from_user_id`, `to_user_id`, `message`, `is_read`, `created_at`) VALUES ('30', '70', '8', 'Quia assumenda dolores quia rerum ut et. Qui corrupti voluptatem nesciunt non velit. Ad magnam autem quis accusantium non.', 0, '1975-01-13 22:13:16');
INSERT INTO `messages` (`id`, `from_user_id`, `to_user_id`, `message`, `is_read`, `created_at`) VALUES ('31', '71', '83', 'Excepturi facilis non consequatur ex sunt suscipit officiis. Eligendi eius magni ab qui molestiae sed. Mollitia est explicabo nesciunt distinctio dolores facilis quos. Aspernatur et ab maxime dignissimos voluptas vero.', 0, '1983-12-06 20:09:07');
INSERT INTO `messages` (`id`, `from_user_id`, `to_user_id`, `message`, `is_read`, `created_at`) VALUES ('32', '15', '3', 'Porro voluptas iure id voluptates minima. Voluptas deleniti excepturi hic rerum. Quasi impedit est fugiat voluptatem voluptas rerum est.', 1, '1991-09-25 14:37:46');
INSERT INTO `messages` (`id`, `from_user_id`, `to_user_id`, `message`, `is_read`, `created_at`) VALUES ('33', '20', '14', 'Est soluta fuga quaerat vero eaque aut ut. Ducimus sequi vero in ut distinctio reiciendis ipsa quas. Fugit tempora consequatur est ducimus voluptatem labore voluptas recusandae.', 0, '1994-12-13 03:27:48');
INSERT INTO `messages` (`id`, `from_user_id`, `to_user_id`, `message`, `is_read`, `created_at`) VALUES ('34', '96', '88', 'Amet odio sunt aut odio voluptas voluptatum est. Sed nostrum magnam dolorum qui. Ut quis neque fuga perferendis est architecto incidunt. Excepturi qui voluptatem expedita velit dolorem minima nam ea.', 0, '2000-09-30 03:51:46');
INSERT INTO `messages` (`id`, `from_user_id`, `to_user_id`, `message`, `is_read`, `created_at`) VALUES ('35', '15', '17', 'Illum sed eos velit. Dolore facilis aspernatur atque et aut. Perferendis totam ut ad fuga corrupti omnis. Modi laudantium cupiditate adipisci.', 0, '1985-08-07 07:21:49');
INSERT INTO `messages` (`id`, `from_user_id`, `to_user_id`, `message`, `is_read`, `created_at`) VALUES ('36', '14', '94', 'Quas eum consequatur ut hic suscipit. Repellendus mollitia blanditiis eos minima. Repellendus odit dolores suscipit quam dolore. Enim deserunt iste enim quaerat repellendus ut ea. Nostrum est vero nisi molestiae.', 1, '1994-06-02 15:10:46');
INSERT INTO `messages` (`id`, `from_user_id`, `to_user_id`, `message`, `is_read`, `created_at`) VALUES ('37', '19', '60', 'Esse earum at nobis. Quam vel eius nesciunt voluptatem. Nemo nihil harum est expedita.', 1, '2005-10-01 12:21:02');
INSERT INTO `messages` (`id`, `from_user_id`, `to_user_id`, `message`, `is_read`, `created_at`) VALUES ('38', '72', '52', 'Nemo corrupti molestiae consequuntur consequatur. Doloribus culpa deserunt incidunt adipisci id iusto corrupti dolorem. Quos repellendus consequuntur eligendi nulla autem officiis. In magni delectus veritatis nobis saepe. Facilis porro ad rerum quas amet ea.', 1, '1990-12-25 23:20:01');
INSERT INTO `messages` (`id`, `from_user_id`, `to_user_id`, `message`, `is_read`, `created_at`) VALUES ('39', '64', '58', 'Ad est eum earum sed. Voluptatibus voluptates accusamus provident nihil non voluptas fugit explicabo. Rerum commodi rerum fugit quaerat. Ut dolorum in et voluptatem ut explicabo autem.', 1, '2012-01-15 21:42:21');
INSERT INTO `messages` (`id`, `from_user_id`, `to_user_id`, `message`, `is_read`, `created_at`) VALUES ('40', '32', '41', 'Enim ut aut velit enim est. Maxime sed qui nisi error. Dolorum distinctio maxime accusamus minus perspiciatis id quisquam ullam. Temporibus nulla eligendi nostrum qui.', 1, '1983-01-13 18:07:41');
INSERT INTO `messages` (`id`, `from_user_id`, `to_user_id`, `message`, `is_read`, `created_at`) VALUES ('41', '95', '4', 'Eveniet qui atque dolores consequatur sed officia. Culpa nulla delectus neque eos beatae ratione. Doloremque nemo ratione earum ea distinctio voluptatem. Neque quam vel veniam adipisci.', 1, '2019-12-26 03:31:51');
INSERT INTO `messages` (`id`, `from_user_id`, `to_user_id`, `message`, `is_read`, `created_at`) VALUES ('42', '10', '49', 'Omnis beatae incidunt repellat odit suscipit neque nemo. Voluptas et tempore libero ab aperiam. Deleniti dignissimos explicabo repellendus enim aut illum in. Dolor doloremque tempore tempore eveniet vitae voluptates optio.', 1, '1984-08-16 17:42:59');
INSERT INTO `messages` (`id`, `from_user_id`, `to_user_id`, `message`, `is_read`, `created_at`) VALUES ('43', '17', '70', 'Molestiae illo molestias cumque neque error ea. Aperiam dicta voluptatem dolores qui aut numquam cum. Autem fugit minus consequatur odit et. Ut expedita reiciendis possimus aut et est.', 1, '1988-10-04 23:30:17');
INSERT INTO `messages` (`id`, `from_user_id`, `to_user_id`, `message`, `is_read`, `created_at`) VALUES ('44', '42', '5', 'Quia sit blanditiis eveniet facere nemo quis. Earum ullam autem perferendis est nisi distinctio maiores. Vel vel sapiente quia ut id.', 0, '2012-12-13 16:28:51');
INSERT INTO `messages` (`id`, `from_user_id`, `to_user_id`, `message`, `is_read`, `created_at`) VALUES ('45', '18', '12', 'Dolores similique ut illo placeat ratione fugiat. Ipsum praesentium officia culpa quae sit ipsam.', 0, '1971-02-15 20:14:18');
INSERT INTO `messages` (`id`, `from_user_id`, `to_user_id`, `message`, `is_read`, `created_at`) VALUES ('46', '13', '89', 'Modi id et accusamus enim aut molestiae. Quo harum sunt sunt illum.', 1, '1989-09-04 16:39:13');
INSERT INTO `messages` (`id`, `from_user_id`, `to_user_id`, `message`, `is_read`, `created_at`) VALUES ('47', '94', '27', 'Molestiae quis eaque optio itaque qui nihil doloremque. Vel velit repellat alias fuga error alias consectetur modi. Aut fugiat error aut aliquam et explicabo. Et officiis totam velit quisquam assumenda et dicta.', 0, '2000-04-09 15:55:28');
INSERT INTO `messages` (`id`, `from_user_id`, `to_user_id`, `message`, `is_read`, `created_at`) VALUES ('48', '92', '14', 'Dolorem et dolores porro eligendi hic. Laudantium accusamus possimus earum ut est veritatis incidunt. Perferendis voluptatem aut necessitatibus eum est itaque alias. Eaque aut recusandae odio sequi sunt qui.', 0, '1989-03-05 08:12:06');
INSERT INTO `messages` (`id`, `from_user_id`, `to_user_id`, `message`, `is_read`, `created_at`) VALUES ('49', '41', '87', 'Reiciendis magni vel rerum dolor quia ut. Asperiores minima nesciunt et aut eveniet qui sunt. Dolorem sapiente ea officia natus. Officia ea libero praesentium mollitia quisquam dolores. Esse autem nihil deleniti dolores quae.', 0, '1973-04-09 17:03:05');
INSERT INTO `messages` (`id`, `from_user_id`, `to_user_id`, `message`, `is_read`, `created_at`) VALUES ('50', '1', '55', 'Quasi explicabo vel saepe beatae minima. Est quo dolore dignissimos accusantium sit omnis. Incidunt pariatur aliquid nostrum vitae.', 0, '2010-10-31 09:29:43');
INSERT INTO `messages` (`id`, `from_user_id`, `to_user_id`, `message`, `is_read`, `created_at`) VALUES ('51', '4', '15', 'Autem voluptates non dolorem et. Quibusdam esse et dicta. Quaerat aliquid debitis quis maxime quos.', 1, '2007-07-19 09:02:18');
INSERT INTO `messages` (`id`, `from_user_id`, `to_user_id`, `message`, `is_read`, `created_at`) VALUES ('52', '48', '22', 'Similique dicta iste nostrum exercitationem aliquam. Sequi blanditiis minima et ipsum ex. Iure magni illum ullam voluptatem numquam. Et ut animi et et ut aspernatur praesentium velit.', 1, '1974-08-05 04:14:23');
INSERT INTO `messages` (`id`, `from_user_id`, `to_user_id`, `message`, `is_read`, `created_at`) VALUES ('53', '74', '19', 'Illo id qui voluptate asperiores cupiditate officiis. Sit quo dicta impedit pariatur voluptatem vitae voluptas.', 0, '2007-10-17 04:55:51');
INSERT INTO `messages` (`id`, `from_user_id`, `to_user_id`, `message`, `is_read`, `created_at`) VALUES ('54', '73', '38', 'Et corrupti ut dicta inventore nulla alias mollitia quo. Quod incidunt veritatis impedit. Error qui dolor repudiandae nesciunt laudantium repudiandae.', 1, '1979-11-20 18:05:11');
INSERT INTO `messages` (`id`, `from_user_id`, `to_user_id`, `message`, `is_read`, `created_at`) VALUES ('55', '77', '5', 'Voluptatem impedit cum et velit sint. Fugiat et quo distinctio culpa. Ut occaecati odit laboriosam dolore praesentium doloribus sint.', 0, '2006-11-22 12:20:07');
INSERT INTO `messages` (`id`, `from_user_id`, `to_user_id`, `message`, `is_read`, `created_at`) VALUES ('56', '78', '71', 'Modi id beatae pariatur molestiae. Laboriosam neque repellat suscipit veritatis est dolorum. Eum molestiae voluptas quas natus eaque veritatis. Impedit excepturi qui ab.', 0, '2010-04-30 07:45:42');
INSERT INTO `messages` (`id`, `from_user_id`, `to_user_id`, `message`, `is_read`, `created_at`) VALUES ('57', '8', '88', 'Eum non earum et est nobis. Nobis vel alias odit maiores veniam animi iure. Culpa eum commodi vitae consectetur dolor voluptatem. Omnis natus laudantium nulla quo.', 0, '1996-06-02 22:26:32');
INSERT INTO `messages` (`id`, `from_user_id`, `to_user_id`, `message`, `is_read`, `created_at`) VALUES ('58', '20', '24', 'Magnam et deleniti dolores ipsam numquam aut deserunt. Aut occaecati sit libero dolorem quis sit sed. Ut aut ducimus corrupti et illum voluptas sequi ea.', 0, '1991-03-15 00:05:06');
INSERT INTO `messages` (`id`, `from_user_id`, `to_user_id`, `message`, `is_read`, `created_at`) VALUES ('59', '58', '61', 'Voluptas suscipit modi reprehenderit illo est. Eaque omnis culpa officiis voluptatibus et ipsa eligendi. Dolore sed quod aspernatur eaque et ut. Ut qui veniam natus quam.', 1, '2005-05-08 13:03:50');
INSERT INTO `messages` (`id`, `from_user_id`, `to_user_id`, `message`, `is_read`, `created_at`) VALUES ('60', '28', '76', 'Voluptatem totam voluptatem nam aspernatur quaerat dolor. Aut delectus laborum aut voluptatum qui aut. Corrupti ad cum temporibus nesciunt magnam.', 0, '1991-02-04 22:18:13');
INSERT INTO `messages` (`id`, `from_user_id`, `to_user_id`, `message`, `is_read`, `created_at`) VALUES ('61', '73', '40', 'Neque animi aperiam sit. Similique harum minima placeat. Autem dolorem sunt sit vitae qui corrupti quia. Officiis tenetur mollitia aut saepe voluptatem sed soluta necessitatibus.', 0, '1973-01-26 05:56:37');
INSERT INTO `messages` (`id`, `from_user_id`, `to_user_id`, `message`, `is_read`, `created_at`) VALUES ('62', '65', '67', 'Odio quia hic qui. Soluta odit et asperiores quia est possimus. Molestias incidunt sequi modi deserunt nisi et temporibus.', 1, '2012-07-01 18:50:24');
INSERT INTO `messages` (`id`, `from_user_id`, `to_user_id`, `message`, `is_read`, `created_at`) VALUES ('63', '67', '56', 'Ad inventore sequi officiis ea perspiciatis eligendi vel. Ut reiciendis eius nihil nihil ab modi sunt. Et et unde vitae eius rerum in. Est iusto esse magni ipsam et. Placeat ea fugit iste corporis quae inventore consequatur a.', 1, '1973-05-29 07:27:05');
INSERT INTO `messages` (`id`, `from_user_id`, `to_user_id`, `message`, `is_read`, `created_at`) VALUES ('64', '80', '7', 'Distinctio enim modi eum et. Velit dicta quo odit deleniti qui porro aut.', 0, '1971-03-05 18:32:49');
INSERT INTO `messages` (`id`, `from_user_id`, `to_user_id`, `message`, `is_read`, `created_at`) VALUES ('65', '42', '81', 'Rerum laborum autem est distinctio praesentium suscipit. Praesentium reiciendis cupiditate ut eos autem.', 1, '1980-08-13 00:54:12');
INSERT INTO `messages` (`id`, `from_user_id`, `to_user_id`, `message`, `is_read`, `created_at`) VALUES ('66', '62', '45', 'Voluptas perspiciatis excepturi tempore esse ratione earum aut quia. Quidem et in molestiae hic sunt placeat nemo ut. Accusamus quae ea ea esse placeat est.', 0, '1987-05-08 16:46:46');
INSERT INTO `messages` (`id`, `from_user_id`, `to_user_id`, `message`, `is_read`, `created_at`) VALUES ('67', '95', '9', 'Nam dolores sapiente quisquam sint odit. Et quo aspernatur eos non et sint distinctio. Suscipit rerum autem tempora cupiditate qui eius.', 1, '2013-12-01 21:55:29');
INSERT INTO `messages` (`id`, `from_user_id`, `to_user_id`, `message`, `is_read`, `created_at`) VALUES ('68', '67', '69', 'Quo quia dignissimos accusamus et omnis. Et molestiae expedita eos est itaque expedita. Voluptas cumque ut sit voluptatem libero. Consequuntur similique labore ut sunt. Doloremque voluptas ipsum et non repudiandae et possimus.', 1, '1993-05-07 01:25:29');
INSERT INTO `messages` (`id`, `from_user_id`, `to_user_id`, `message`, `is_read`, `created_at`) VALUES ('69', '28', '40', 'Veritatis labore velit in corporis vitae. Maiores optio voluptas provident alias asperiores velit. Soluta exercitationem suscipit placeat inventore. Voluptates voluptatem dolores repellendus provident totam iure nostrum dolore.', 1, '1978-10-16 19:45:29');
INSERT INTO `messages` (`id`, `from_user_id`, `to_user_id`, `message`, `is_read`, `created_at`) VALUES ('70', '6', '4', 'Ut quo vel ut quis ea. Sequi aliquam aliquam nihil sit voluptatem. Dolorem in et in in repellendus.', 0, '1981-03-08 02:31:18');
INSERT INTO `messages` (`id`, `from_user_id`, `to_user_id`, `message`, `is_read`, `created_at`) VALUES ('71', '44', '84', 'Eaque accusantium velit aspernatur. Fugit eum est qui ut voluptatem architecto. Eos est hic cum velit.', 0, '2010-06-08 01:08:20');
INSERT INTO `messages` (`id`, `from_user_id`, `to_user_id`, `message`, `is_read`, `created_at`) VALUES ('72', '75', '51', 'Reiciendis ut aliquam dicta nihil. Ab mollitia dolores error omnis unde omnis amet. Rerum provident at iusto eaque voluptas illum distinctio.', 1, '2018-12-29 17:04:58');
INSERT INTO `messages` (`id`, `from_user_id`, `to_user_id`, `message`, `is_read`, `created_at`) VALUES ('73', '72', '94', 'Commodi perferendis soluta sit distinctio voluptates. Voluptatem necessitatibus aspernatur sint earum repudiandae qui odio non. Consequatur maiores quis quia est et ab quia. Est provident asperiores nihil et aperiam.', 0, '2001-04-27 18:16:52');
INSERT INTO `messages` (`id`, `from_user_id`, `to_user_id`, `message`, `is_read`, `created_at`) VALUES ('74', '75', '29', 'Fuga harum dignissimos veritatis velit dignissimos. Tenetur voluptatem sunt est qui esse inventore voluptatum. Dolorem doloremque hic sit.', 0, '1970-01-08 19:19:18');
INSERT INTO `messages` (`id`, `from_user_id`, `to_user_id`, `message`, `is_read`, `created_at`) VALUES ('75', '55', '2', 'Voluptas voluptas laboriosam illum et ut sapiente. Officia quibusdam voluptatem assumenda ut libero. Illum odio ut ducimus dolorem.', 0, '1985-07-22 07:33:35');
INSERT INTO `messages` (`id`, `from_user_id`, `to_user_id`, `message`, `is_read`, `created_at`) VALUES ('76', '5', '28', 'Maiores enim in sunt. Recusandae numquam incidunt sit. Quibusdam nihil quis similique ut est quaerat et aut. Illo aut voluptatum aut voluptas impedit est.', 0, '1995-11-21 15:47:05');
INSERT INTO `messages` (`id`, `from_user_id`, `to_user_id`, `message`, `is_read`, `created_at`) VALUES ('77', '42', '69', 'Minus illum vero aliquid repudiandae. Debitis consequatur aperiam tempore atque. Laborum voluptatem rerum minus sunt in et neque. Omnis et ratione incidunt non delectus natus.', 1, '2003-06-09 09:14:06');
INSERT INTO `messages` (`id`, `from_user_id`, `to_user_id`, `message`, `is_read`, `created_at`) VALUES ('78', '94', '9', 'Id aut sed perspiciatis. Et nihil in aliquam optio. Reiciendis inventore veritatis labore cupiditate. Sit ut quae dolores non provident. Libero ullam nemo maxime ex.', 0, '1978-08-11 14:07:30');
INSERT INTO `messages` (`id`, `from_user_id`, `to_user_id`, `message`, `is_read`, `created_at`) VALUES ('79', '24', '74', 'Consequatur earum ut quis incidunt magnam. Laudantium non eveniet exercitationem voluptatem illo error praesentium. Numquam alias nihil nesciunt quo vel ad quis. Ut itaque quo voluptatem dolores sequi dolorem natus tenetur.', 0, '2018-08-18 17:38:11');
INSERT INTO `messages` (`id`, `from_user_id`, `to_user_id`, `message`, `is_read`, `created_at`) VALUES ('80', '16', '66', 'Exercitationem corporis a adipisci nisi. Totam minus debitis accusantium quia. Rem suscipit iusto ratione odio ducimus.', 1, '2011-03-08 15:29:00');
INSERT INTO `messages` (`id`, `from_user_id`, `to_user_id`, `message`, `is_read`, `created_at`) VALUES ('81', '55', '77', 'Voluptate quasi voluptatem ea accusantium voluptatem voluptatem. Porro cumque nihil aut at odit. Unde rerum amet qui aspernatur et.', 1, '2019-03-13 09:27:31');
INSERT INTO `messages` (`id`, `from_user_id`, `to_user_id`, `message`, `is_read`, `created_at`) VALUES ('82', '11', '50', 'Qui consequatur ab fugiat consequuntur. Quia odio vel consectetur quae autem et. Est eveniet cum veniam eos officiis voluptatibus accusantium.', 1, '2009-07-13 15:27:19');
INSERT INTO `messages` (`id`, `from_user_id`, `to_user_id`, `message`, `is_read`, `created_at`) VALUES ('83', '86', '78', 'Ut repudiandae sunt vel. Ducimus similique neque consequuntur autem suscipit. Ut est sapiente est harum.', 0, '2013-01-25 02:57:27');
INSERT INTO `messages` (`id`, `from_user_id`, `to_user_id`, `message`, `is_read`, `created_at`) VALUES ('84', '18', '13', 'Et earum et facere et delectus natus. Rem ut consequatur saepe animi recusandae. Neque natus qui sed deserunt. Et dignissimos repudiandae eius eum. Maiores ea nemo quisquam eius quia vel soluta.', 1, '1991-09-19 21:08:21');
INSERT INTO `messages` (`id`, `from_user_id`, `to_user_id`, `message`, `is_read`, `created_at`) VALUES ('85', '17', '24', 'Consectetur earum qui voluptates dolores. A magni et earum debitis asperiores quod.', 1, '2011-10-20 14:30:08');
INSERT INTO `messages` (`id`, `from_user_id`, `to_user_id`, `message`, `is_read`, `created_at`) VALUES ('86', '16', '60', 'Eum iure ut sint doloremque quia doloribus suscipit. Occaecati unde dignissimos velit in dolorem unde. Consequuntur ex rerum veritatis quia hic beatae. Dolores quia omnis nemo autem atque cumque qui voluptas.', 0, '1987-05-08 21:40:34');
INSERT INTO `messages` (`id`, `from_user_id`, `to_user_id`, `message`, `is_read`, `created_at`) VALUES ('87', '7', '91', 'Laudantium non corrupti facere ipsam nostrum ut. Commodi est laudantium pariatur incidunt voluptatibus vero quo. Qui repellendus doloribus magnam perspiciatis vero et omnis alias.', 0, '1985-08-03 23:35:42');
INSERT INTO `messages` (`id`, `from_user_id`, `to_user_id`, `message`, `is_read`, `created_at`) VALUES ('88', '11', '79', 'Asperiores ducimus adipisci dicta sit aliquam. Pariatur officiis quibusdam dolor. Et alias minus est quas et sit inventore.', 0, '1984-03-25 11:03:12');
INSERT INTO `messages` (`id`, `from_user_id`, `to_user_id`, `message`, `is_read`, `created_at`) VALUES ('89', '84', '85', 'Praesentium perspiciatis culpa at. Iure hic adipisci et excepturi dolores. Debitis aut reiciendis enim ut at ut. Est sit cupiditate dolorem odit aut quia.', 1, '2009-04-26 15:02:40');
INSERT INTO `messages` (`id`, `from_user_id`, `to_user_id`, `message`, `is_read`, `created_at`) VALUES ('90', '7', '39', 'Voluptates iure illo et quo iste. Vero occaecati qui nihil nihil est deserunt veritatis. Mollitia veritatis odit reiciendis. Error et qui provident unde eum non.', 1, '1981-09-01 15:24:06');
INSERT INTO `messages` (`id`, `from_user_id`, `to_user_id`, `message`, `is_read`, `created_at`) VALUES ('91', '87', '12', 'Velit neque non ut modi esse. Unde ea facilis sint eveniet quaerat et repellendus facere. Magni quia sunt vitae. Facilis aut laboriosam distinctio possimus et sit iure.', 0, '1986-06-09 10:04:09');
INSERT INTO `messages` (`id`, `from_user_id`, `to_user_id`, `message`, `is_read`, `created_at`) VALUES ('92', '66', '29', 'Voluptates cupiditate accusantium quo. Ipsum nobis accusantium sint praesentium aut earum molestiae. Enim voluptate odio dolores nihil voluptatem ipsa laudantium tempora.', 0, '1984-02-15 10:49:39');
INSERT INTO `messages` (`id`, `from_user_id`, `to_user_id`, `message`, `is_read`, `created_at`) VALUES ('93', '80', '59', 'Est iste libero quo. Asperiores aliquam sed non labore excepturi. Est atque repellendus aut saepe nobis. Numquam et qui aut inventore.', 1, '2011-10-26 05:32:04');
INSERT INTO `messages` (`id`, `from_user_id`, `to_user_id`, `message`, `is_read`, `created_at`) VALUES ('94', '37', '4', 'Explicabo hic excepturi qui expedita vero. Odio sed praesentium ut sapiente. Voluptate voluptas voluptatem id et.', 1, '1977-06-07 18:26:54');
INSERT INTO `messages` (`id`, `from_user_id`, `to_user_id`, `message`, `is_read`, `created_at`) VALUES ('95', '33', '52', 'Omnis repellendus sed quasi sequi suscipit quas corporis. Ut fugit rerum asperiores velit vitae quia. Voluptatibus nihil saepe vel repudiandae velit ad sunt. Magnam et et minima consequatur.', 1, '2007-07-31 09:29:45');
INSERT INTO `messages` (`id`, `from_user_id`, `to_user_id`, `message`, `is_read`, `created_at`) VALUES ('96', '69', '87', 'Atque ipsam et sint enim. Vel sapiente ipsum necessitatibus placeat quidem dignissimos est. Doloremque error maxime et est neque tempore quia. Eligendi distinctio aperiam maiores veniam. Odio eius voluptas ducimus.', 0, '2009-01-12 07:56:59');
INSERT INTO `messages` (`id`, `from_user_id`, `to_user_id`, `message`, `is_read`, `created_at`) VALUES ('97', '29', '80', 'Rerum ratione alias veniam modi voluptatem sunt. Molestiae vel sequi laborum sit commodi ducimus rerum. Quia fugiat est rem ut. Voluptatem fuga officiis iusto similique a.', 1, '2016-04-24 02:08:48');
INSERT INTO `messages` (`id`, `from_user_id`, `to_user_id`, `message`, `is_read`, `created_at`) VALUES ('98', '36', '14', 'Aut perferendis blanditiis voluptatem perspiciatis rerum facilis omnis. Vel non magni repellendus excepturi aut aut. Quam neque impedit accusantium omnis sed. Doloribus quisquam earum molestias sit magnam.', 0, '2008-07-26 07:29:23');
INSERT INTO `messages` (`id`, `from_user_id`, `to_user_id`, `message`, `is_read`, `created_at`) VALUES ('99', '57', '54', 'Sunt quia excepturi suscipit ullam dolorem amet. Corporis facere qui similique. Magni maxime unde aliquid aliquid est.', 0, '2000-04-14 16:40:02');
INSERT INTO `messages` (`id`, `from_user_id`, `to_user_id`, `message`, `is_read`, `created_at`) VALUES ('100', '27', '73', 'Sit et voluptas inventore ut mollitia. Dolores labore et facilis numquam quam reprehenderit sint. Beatae eum perferendis tempora et occaecati deserunt ullam.', 1, '1982-11-15 08:34:08');


#
# TABLE STRUCTURE FOR: photo_likes
#

DROP TABLE IF EXISTS `photo_likes`;

CREATE TABLE `photo_likes` (
  `id` bigint(20) unsigned NOT NULL AUTO_INCREMENT,
  `user_id` bigint(20) unsigned NOT NULL,
  `photo_id` bigint(20) unsigned NOT NULL,
  `quantity` int(11) DEFAULT NULL,
  `created_at` datetime DEFAULT current_timestamp(),
  PRIMARY KEY (`id`),
  KEY `user_id` (`user_id`),
  KEY `photo_id` (`photo_id`),
  CONSTRAINT `photo_likes_ibfk_1` FOREIGN KEY (`user_id`) REFERENCES `users` (`id`),
  CONSTRAINT `photo_likes_ibfk_2` FOREIGN KEY (`photo_id`) REFERENCES `photos` (`id`)
) ENGINE=InnoDB AUTO_INCREMENT=101 DEFAULT CHARSET=utf8 COLLATE=utf8_unicode_ci;

INSERT INTO `photo_likes` (`id`, `user_id`, `photo_id`, `quantity`, `created_at`) VALUES ('1', '9', '23', 808182107, '1984-09-20 23:33:00');
INSERT INTO `photo_likes` (`id`, `user_id`, `photo_id`, `quantity`, `created_at`) VALUES ('2', '5', '6', 3028, '2006-04-20 12:40:11');
INSERT INTO `photo_likes` (`id`, `user_id`, `photo_id`, `quantity`, `created_at`) VALUES ('3', '62', '97', 0, '1991-05-31 23:46:24');
INSERT INTO `photo_likes` (`id`, `user_id`, `photo_id`, `quantity`, `created_at`) VALUES ('4', '42', '80', 1753062, '1996-05-19 00:39:27');
INSERT INTO `photo_likes` (`id`, `user_id`, `photo_id`, `quantity`, `created_at`) VALUES ('5', '28', '71', 361385, '1998-02-24 19:44:19');
INSERT INTO `photo_likes` (`id`, `user_id`, `photo_id`, `quantity`, `created_at`) VALUES ('6', '8', '39', 240, '1982-08-02 17:02:44');
INSERT INTO `photo_likes` (`id`, `user_id`, `photo_id`, `quantity`, `created_at`) VALUES ('7', '47', '69', 499854, '1970-03-02 03:05:18');
INSERT INTO `photo_likes` (`id`, `user_id`, `photo_id`, `quantity`, `created_at`) VALUES ('8', '4', '90', 949890247, '1970-08-01 23:59:02');
INSERT INTO `photo_likes` (`id`, `user_id`, `photo_id`, `quantity`, `created_at`) VALUES ('9', '68', '24', 94180582, '1998-08-20 19:56:39');
INSERT INTO `photo_likes` (`id`, `user_id`, `photo_id`, `quantity`, `created_at`) VALUES ('10', '71', '92', 109, '1984-10-11 08:50:02');
INSERT INTO `photo_likes` (`id`, `user_id`, `photo_id`, `quantity`, `created_at`) VALUES ('11', '45', '23', 2537209, '2004-08-17 18:43:04');
INSERT INTO `photo_likes` (`id`, `user_id`, `photo_id`, `quantity`, `created_at`) VALUES ('12', '17', '48', 13008581, '2017-04-13 07:02:03');
INSERT INTO `photo_likes` (`id`, `user_id`, `photo_id`, `quantity`, `created_at`) VALUES ('13', '73', '78', 62393, '1975-03-20 21:41:03');
INSERT INTO `photo_likes` (`id`, `user_id`, `photo_id`, `quantity`, `created_at`) VALUES ('14', '3', '49', 68, '2000-09-13 14:04:05');
INSERT INTO `photo_likes` (`id`, `user_id`, `photo_id`, `quantity`, `created_at`) VALUES ('15', '87', '64', 52401, '1987-06-04 13:22:36');
INSERT INTO `photo_likes` (`id`, `user_id`, `photo_id`, `quantity`, `created_at`) VALUES ('16', '59', '96', 1267100, '1971-05-21 06:49:41');
INSERT INTO `photo_likes` (`id`, `user_id`, `photo_id`, `quantity`, `created_at`) VALUES ('17', '86', '63', 611433, '1986-07-24 02:48:47');
INSERT INTO `photo_likes` (`id`, `user_id`, `photo_id`, `quantity`, `created_at`) VALUES ('18', '1', '47', 337, '1986-11-03 01:40:30');
INSERT INTO `photo_likes` (`id`, `user_id`, `photo_id`, `quantity`, `created_at`) VALUES ('19', '60', '43', 25553741, '1979-06-30 12:39:13');
INSERT INTO `photo_likes` (`id`, `user_id`, `photo_id`, `quantity`, `created_at`) VALUES ('20', '27', '88', 9572, '1972-03-02 11:43:13');
INSERT INTO `photo_likes` (`id`, `user_id`, `photo_id`, `quantity`, `created_at`) VALUES ('21', '13', '34', 784, '2009-02-01 21:42:53');
INSERT INTO `photo_likes` (`id`, `user_id`, `photo_id`, `quantity`, `created_at`) VALUES ('22', '26', '59', 4109079, '1985-02-26 03:16:51');
INSERT INTO `photo_likes` (`id`, `user_id`, `photo_id`, `quantity`, `created_at`) VALUES ('23', '2', '30', 136183, '1984-04-29 01:15:39');
INSERT INTO `photo_likes` (`id`, `user_id`, `photo_id`, `quantity`, `created_at`) VALUES ('24', '49', '69', 800937, '1999-11-03 02:01:54');
INSERT INTO `photo_likes` (`id`, `user_id`, `photo_id`, `quantity`, `created_at`) VALUES ('25', '54', '19', 773826, '2011-01-16 10:13:07');
INSERT INTO `photo_likes` (`id`, `user_id`, `photo_id`, `quantity`, `created_at`) VALUES ('26', '61', '98', 597217794, '1986-12-02 01:42:48');
INSERT INTO `photo_likes` (`id`, `user_id`, `photo_id`, `quantity`, `created_at`) VALUES ('27', '41', '77', 644, '2008-02-24 05:59:32');
INSERT INTO `photo_likes` (`id`, `user_id`, `photo_id`, `quantity`, `created_at`) VALUES ('28', '46', '13', 7616, '2003-12-28 09:24:42');
INSERT INTO `photo_likes` (`id`, `user_id`, `photo_id`, `quantity`, `created_at`) VALUES ('29', '55', '48', 591807810, '2015-10-29 11:05:13');
INSERT INTO `photo_likes` (`id`, `user_id`, `photo_id`, `quantity`, `created_at`) VALUES ('30', '62', '41', 7536, '2003-04-21 10:26:26');
INSERT INTO `photo_likes` (`id`, `user_id`, `photo_id`, `quantity`, `created_at`) VALUES ('31', '11', '20', 985445783, '1980-04-28 16:35:10');
INSERT INTO `photo_likes` (`id`, `user_id`, `photo_id`, `quantity`, `created_at`) VALUES ('32', '36', '97', 91, '2003-11-03 00:21:50');
INSERT INTO `photo_likes` (`id`, `user_id`, `photo_id`, `quantity`, `created_at`) VALUES ('33', '83', '37', 2333, '2009-09-17 12:03:31');
INSERT INTO `photo_likes` (`id`, `user_id`, `photo_id`, `quantity`, `created_at`) VALUES ('34', '44', '43', 71, '2012-12-10 19:26:39');
INSERT INTO `photo_likes` (`id`, `user_id`, `photo_id`, `quantity`, `created_at`) VALUES ('35', '79', '70', 2352659, '1976-01-02 08:56:08');
INSERT INTO `photo_likes` (`id`, `user_id`, `photo_id`, `quantity`, `created_at`) VALUES ('36', '30', '91', 8, '2007-07-10 19:02:49');
INSERT INTO `photo_likes` (`id`, `user_id`, `photo_id`, `quantity`, `created_at`) VALUES ('37', '3', '56', 6, '1985-12-24 15:02:37');
INSERT INTO `photo_likes` (`id`, `user_id`, `photo_id`, `quantity`, `created_at`) VALUES ('38', '50', '5', 623, '1979-02-04 10:36:28');
INSERT INTO `photo_likes` (`id`, `user_id`, `photo_id`, `quantity`, `created_at`) VALUES ('39', '85', '98', 199861, '2004-08-23 06:03:25');
INSERT INTO `photo_likes` (`id`, `user_id`, `photo_id`, `quantity`, `created_at`) VALUES ('40', '74', '38', 0, '1980-07-30 13:36:43');
INSERT INTO `photo_likes` (`id`, `user_id`, `photo_id`, `quantity`, `created_at`) VALUES ('41', '17', '34', 65, '2006-03-13 13:15:48');
INSERT INTO `photo_likes` (`id`, `user_id`, `photo_id`, `quantity`, `created_at`) VALUES ('42', '35', '57', 32581, '2013-10-13 08:55:21');
INSERT INTO `photo_likes` (`id`, `user_id`, `photo_id`, `quantity`, `created_at`) VALUES ('43', '11', '81', 7634, '1991-04-20 06:38:58');
INSERT INTO `photo_likes` (`id`, `user_id`, `photo_id`, `quantity`, `created_at`) VALUES ('44', '70', '65', 431576920, '2017-05-23 04:38:26');
INSERT INTO `photo_likes` (`id`, `user_id`, `photo_id`, `quantity`, `created_at`) VALUES ('45', '28', '31', 579, '1986-08-06 09:02:32');
INSERT INTO `photo_likes` (`id`, `user_id`, `photo_id`, `quantity`, `created_at`) VALUES ('46', '5', '39', 136317, '2000-10-20 12:21:07');
INSERT INTO `photo_likes` (`id`, `user_id`, `photo_id`, `quantity`, `created_at`) VALUES ('47', '51', '41', 26426135, '1994-05-10 19:05:22');
INSERT INTO `photo_likes` (`id`, `user_id`, `photo_id`, `quantity`, `created_at`) VALUES ('48', '35', '34', 17207409, '2003-01-29 10:06:59');
INSERT INTO `photo_likes` (`id`, `user_id`, `photo_id`, `quantity`, `created_at`) VALUES ('49', '78', '78', 29895, '2002-09-15 17:35:23');
INSERT INTO `photo_likes` (`id`, `user_id`, `photo_id`, `quantity`, `created_at`) VALUES ('50', '77', '56', 21, '1970-11-09 16:07:12');
INSERT INTO `photo_likes` (`id`, `user_id`, `photo_id`, `quantity`, `created_at`) VALUES ('51', '48', '6', 372478988, '1995-07-26 00:58:03');
INSERT INTO `photo_likes` (`id`, `user_id`, `photo_id`, `quantity`, `created_at`) VALUES ('52', '47', '50', 6, '2000-02-15 07:52:32');
INSERT INTO `photo_likes` (`id`, `user_id`, `photo_id`, `quantity`, `created_at`) VALUES ('53', '62', '97', 98918895, '2008-01-18 17:25:37');
INSERT INTO `photo_likes` (`id`, `user_id`, `photo_id`, `quantity`, `created_at`) VALUES ('54', '55', '46', 4, '2019-09-12 06:53:04');
INSERT INTO `photo_likes` (`id`, `user_id`, `photo_id`, `quantity`, `created_at`) VALUES ('55', '94', '28', 934376, '2019-09-29 21:45:46');
INSERT INTO `photo_likes` (`id`, `user_id`, `photo_id`, `quantity`, `created_at`) VALUES ('56', '84', '10', 0, '2019-12-20 06:12:23');
INSERT INTO `photo_likes` (`id`, `user_id`, `photo_id`, `quantity`, `created_at`) VALUES ('57', '61', '19', 686785, '1993-07-17 23:03:07');
INSERT INTO `photo_likes` (`id`, `user_id`, `photo_id`, `quantity`, `created_at`) VALUES ('58', '67', '71', 3328470, '2014-05-22 12:45:57');
INSERT INTO `photo_likes` (`id`, `user_id`, `photo_id`, `quantity`, `created_at`) VALUES ('59', '99', '37', 15, '1994-12-25 10:02:33');
INSERT INTO `photo_likes` (`id`, `user_id`, `photo_id`, `quantity`, `created_at`) VALUES ('60', '36', '27', 0, '2016-01-16 23:32:53');
INSERT INTO `photo_likes` (`id`, `user_id`, `photo_id`, `quantity`, `created_at`) VALUES ('61', '67', '41', 63034, '2008-11-16 06:28:11');
INSERT INTO `photo_likes` (`id`, `user_id`, `photo_id`, `quantity`, `created_at`) VALUES ('62', '65', '18', 450, '2003-03-12 00:29:47');
INSERT INTO `photo_likes` (`id`, `user_id`, `photo_id`, `quantity`, `created_at`) VALUES ('63', '82', '99', 38, '1981-01-21 07:56:42');
INSERT INTO `photo_likes` (`id`, `user_id`, `photo_id`, `quantity`, `created_at`) VALUES ('64', '52', '59', 6307, '1980-06-18 01:09:27');
INSERT INTO `photo_likes` (`id`, `user_id`, `photo_id`, `quantity`, `created_at`) VALUES ('65', '77', '28', 0, '1995-10-04 01:33:46');
INSERT INTO `photo_likes` (`id`, `user_id`, `photo_id`, `quantity`, `created_at`) VALUES ('66', '15', '24', 4, '1987-12-09 15:50:59');
INSERT INTO `photo_likes` (`id`, `user_id`, `photo_id`, `quantity`, `created_at`) VALUES ('67', '33', '61', 19, '2011-05-05 15:24:31');
INSERT INTO `photo_likes` (`id`, `user_id`, `photo_id`, `quantity`, `created_at`) VALUES ('68', '74', '94', 9352, '2017-07-21 00:05:50');
INSERT INTO `photo_likes` (`id`, `user_id`, `photo_id`, `quantity`, `created_at`) VALUES ('69', '57', '28', 69, '1981-12-17 01:50:53');
INSERT INTO `photo_likes` (`id`, `user_id`, `photo_id`, `quantity`, `created_at`) VALUES ('70', '40', '51', 761, '1989-08-21 13:33:02');
INSERT INTO `photo_likes` (`id`, `user_id`, `photo_id`, `quantity`, `created_at`) VALUES ('71', '56', '24', 179, '2016-08-17 08:44:33');
INSERT INTO `photo_likes` (`id`, `user_id`, `photo_id`, `quantity`, `created_at`) VALUES ('72', '61', '16', 0, '1973-11-14 05:29:52');
INSERT INTO `photo_likes` (`id`, `user_id`, `photo_id`, `quantity`, `created_at`) VALUES ('73', '42', '27', 26717773, '2014-03-18 08:50:12');
INSERT INTO `photo_likes` (`id`, `user_id`, `photo_id`, `quantity`, `created_at`) VALUES ('74', '87', '41', 444791, '1992-07-16 18:32:52');
INSERT INTO `photo_likes` (`id`, `user_id`, `photo_id`, `quantity`, `created_at`) VALUES ('75', '63', '23', 9291049, '1983-10-19 18:26:59');
INSERT INTO `photo_likes` (`id`, `user_id`, `photo_id`, `quantity`, `created_at`) VALUES ('76', '67', '30', 859091, '1996-12-08 03:34:50');
INSERT INTO `photo_likes` (`id`, `user_id`, `photo_id`, `quantity`, `created_at`) VALUES ('77', '63', '31', 0, '1997-11-30 05:52:56');
INSERT INTO `photo_likes` (`id`, `user_id`, `photo_id`, `quantity`, `created_at`) VALUES ('78', '48', '44', 567620412, '2009-08-14 20:02:57');
INSERT INTO `photo_likes` (`id`, `user_id`, `photo_id`, `quantity`, `created_at`) VALUES ('79', '30', '99', 90, '1997-03-12 09:08:24');
INSERT INTO `photo_likes` (`id`, `user_id`, `photo_id`, `quantity`, `created_at`) VALUES ('80', '2', '7', 0, '1976-03-25 10:08:52');
INSERT INTO `photo_likes` (`id`, `user_id`, `photo_id`, `quantity`, `created_at`) VALUES ('81', '26', '16', 2862, '2016-03-02 15:24:58');
INSERT INTO `photo_likes` (`id`, `user_id`, `photo_id`, `quantity`, `created_at`) VALUES ('82', '31', '58', 686400954, '1972-09-02 17:25:44');
INSERT INTO `photo_likes` (`id`, `user_id`, `photo_id`, `quantity`, `created_at`) VALUES ('83', '77', '5', 5, '1994-03-02 14:13:29');
INSERT INTO `photo_likes` (`id`, `user_id`, `photo_id`, `quantity`, `created_at`) VALUES ('84', '52', '34', 0, '2000-07-27 14:59:13');
INSERT INTO `photo_likes` (`id`, `user_id`, `photo_id`, `quantity`, `created_at`) VALUES ('85', '33', '92', 4, '2012-04-30 08:06:11');
INSERT INTO `photo_likes` (`id`, `user_id`, `photo_id`, `quantity`, `created_at`) VALUES ('86', '84', '88', 516501, '2016-06-23 23:05:29');
INSERT INTO `photo_likes` (`id`, `user_id`, `photo_id`, `quantity`, `created_at`) VALUES ('87', '16', '44', 51507, '1996-04-15 08:04:19');
INSERT INTO `photo_likes` (`id`, `user_id`, `photo_id`, `quantity`, `created_at`) VALUES ('88', '4', '58', 889, '1981-07-07 17:03:48');
INSERT INTO `photo_likes` (`id`, `user_id`, `photo_id`, `quantity`, `created_at`) VALUES ('89', '71', '90', 9402, '1973-03-27 06:30:51');
INSERT INTO `photo_likes` (`id`, `user_id`, `photo_id`, `quantity`, `created_at`) VALUES ('90', '98', '34', 115, '2010-03-14 19:35:35');
INSERT INTO `photo_likes` (`id`, `user_id`, `photo_id`, `quantity`, `created_at`) VALUES ('91', '13', '65', 83515, '1982-01-28 07:48:22');
INSERT INTO `photo_likes` (`id`, `user_id`, `photo_id`, `quantity`, `created_at`) VALUES ('92', '63', '75', 27076, '2015-12-04 12:14:59');
INSERT INTO `photo_likes` (`id`, `user_id`, `photo_id`, `quantity`, `created_at`) VALUES ('93', '95', '10', 2298, '2019-10-16 19:59:24');
INSERT INTO `photo_likes` (`id`, `user_id`, `photo_id`, `quantity`, `created_at`) VALUES ('94', '19', '25', 42718, '2018-12-09 03:45:56');
INSERT INTO `photo_likes` (`id`, `user_id`, `photo_id`, `quantity`, `created_at`) VALUES ('95', '9', '20', 239, '1995-05-17 20:18:38');
INSERT INTO `photo_likes` (`id`, `user_id`, `photo_id`, `quantity`, `created_at`) VALUES ('96', '32', '34', 150874918, '1970-03-07 07:54:25');
INSERT INTO `photo_likes` (`id`, `user_id`, `photo_id`, `quantity`, `created_at`) VALUES ('97', '36', '62', 68762, '2020-02-17 15:30:11');
INSERT INTO `photo_likes` (`id`, `user_id`, `photo_id`, `quantity`, `created_at`) VALUES ('98', '92', '13', 52, '1979-06-14 19:57:21');
INSERT INTO `photo_likes` (`id`, `user_id`, `photo_id`, `quantity`, `created_at`) VALUES ('99', '66', '43', 4159984, '1992-02-09 02:56:56');
INSERT INTO `photo_likes` (`id`, `user_id`, `photo_id`, `quantity`, `created_at`) VALUES ('100', '46', '99', 52, '1979-10-09 04:15:29');


#
# TABLE STRUCTURE FOR: photos
#

DROP TABLE IF EXISTS `photos`;

CREATE TABLE `photos` (
  `id` bigint(20) unsigned NOT NULL AUTO_INCREMENT,
  `filename` varchar(255) COLLATE utf8_unicode_ci DEFAULT NULL,
  `user_id` bigint(20) unsigned NOT NULL,
  `description` text COLLATE utf8_unicode_ci DEFAULT NULL,
  `created_at` datetime DEFAULT current_timestamp(),
  PRIMARY KEY (`id`),
  KEY `user_id` (`user_id`),
  CONSTRAINT `photos_ibfk_1` FOREIGN KEY (`user_id`) REFERENCES `users` (`id`)
) ENGINE=InnoDB AUTO_INCREMENT=101 DEFAULT CHARSET=utf8 COLLATE=utf8_unicode_ci;

INSERT INTO `photos` (`id`, `filename`, `user_id`, `description`, `created_at`) VALUES ('1', 'necessitatibus', '100', 'Consectetur non nihil dicta blanditiis repellat. Provident molestias ut quis nemo. Possimus id rerum quasi autem. Omnis dolorum deserunt adipisci nihil repellat voluptatem quo. Quae consequatur ipsa qui placeat quibusdam provident dolorem.', '2010-01-05 21:29:19');
INSERT INTO `photos` (`id`, `filename`, `user_id`, `description`, `created_at`) VALUES ('2', 'quia', '95', 'Nulla aut reprehenderit itaque fuga sit architecto. Tempore est et ut facere debitis architecto quam. Et et explicabo quod est est reiciendis tempore.', '1988-09-10 11:43:59');
INSERT INTO `photos` (`id`, `filename`, `user_id`, `description`, `created_at`) VALUES ('3', 'ut', '42', 'Ut recusandae harum quisquam distinctio molestiae at quia. Et non distinctio est nihil. Assumenda unde tenetur perspiciatis. Possimus at laudantium quae illum earum nesciunt dicta.', '1983-04-28 03:57:43');
INSERT INTO `photos` (`id`, `filename`, `user_id`, `description`, `created_at`) VALUES ('4', 'mollitia', '40', 'Et aut eius qui omnis voluptatibus molestiae quia. Accusantium eum sunt aut tempora magnam quas. Pariatur quaerat aspernatur qui consequatur et omnis provident. Natus in qui eligendi nihil asperiores sunt quo ipsam.', '2015-11-18 13:00:45');
INSERT INTO `photos` (`id`, `filename`, `user_id`, `description`, `created_at`) VALUES ('5', 'facere', '14', 'Nihil quia saepe doloremque voluptatem consequatur eligendi placeat. Qui quod qui a dolor. Facere aut aut aliquid debitis inventore illo id.', '2013-09-23 10:04:24');
INSERT INTO `photos` (`id`, `filename`, `user_id`, `description`, `created_at`) VALUES ('6', 'ad', '88', 'Minima accusantium error consequuntur. Eos ut consequuntur natus sint tenetur temporibus unde. Id qui ut fuga enim ut quod.', '1994-03-13 01:40:37');
INSERT INTO `photos` (`id`, `filename`, `user_id`, `description`, `created_at`) VALUES ('7', 'aut', '27', 'Rerum et aspernatur sed ut quos. Veritatis sint suscipit quis aut dolores voluptatem accusantium. Culpa dolorum tempore in dolor.', '1988-10-11 18:23:07');
INSERT INTO `photos` (`id`, `filename`, `user_id`, `description`, `created_at`) VALUES ('8', 'et', '43', 'Occaecati quia atque et error cupiditate aliquam maiores exercitationem. Impedit non veniam reiciendis excepturi in culpa repellendus rerum. Iure modi distinctio porro amet enim laudantium aspernatur. Voluptate neque vero exercitationem error qui sed quo.', '2006-08-02 20:48:32');
INSERT INTO `photos` (`id`, `filename`, `user_id`, `description`, `created_at`) VALUES ('9', 'impedit', '23', 'Provident ad at dolorem itaque nobis soluta. Quas molestiae neque esse iusto. Omnis voluptas debitis eos inventore. Nam optio dolor molestiae vel eaque odio.', '1991-03-04 00:41:23');
INSERT INTO `photos` (`id`, `filename`, `user_id`, `description`, `created_at`) VALUES ('10', 'quidem', '81', 'Dolores et facilis beatae et minima. Sit placeat dolorum perspiciatis quod magni sed officiis culpa. Aliquid vel perferendis temporibus temporibus porro rerum.', '1981-09-30 09:13:17');
INSERT INTO `photos` (`id`, `filename`, `user_id`, `description`, `created_at`) VALUES ('11', 'placeat', '18', 'Nostrum qui debitis qui eaque reiciendis deserunt nesciunt. Mollitia placeat ad reiciendis aut natus et expedita ea. Modi assumenda rerum veniam et perspiciatis. Quo illum beatae consequatur quibusdam repellendus tempora vero aut.', '1986-01-23 19:43:18');
INSERT INTO `photos` (`id`, `filename`, `user_id`, `description`, `created_at`) VALUES ('12', 'nobis', '11', 'Sed molestiae et labore est. Saepe quasi molestias sunt id quas aut. Praesentium consequuntur eum et natus aliquid rerum perferendis. Et veniam in delectus beatae ut inventore provident.', '2001-02-07 05:40:58');
INSERT INTO `photos` (`id`, `filename`, `user_id`, `description`, `created_at`) VALUES ('13', 'consequuntur', '55', 'Deserunt quia fugit consequuntur eius sed odio. Ab recusandae sunt rerum eos et numquam quae. Nisi dicta dolor est. Quibusdam cum itaque quam qui qui.', '2020-02-06 05:18:36');
INSERT INTO `photos` (`id`, `filename`, `user_id`, `description`, `created_at`) VALUES ('14', 'est', '30', 'Officiis quisquam dolores natus qui. Praesentium dicta libero sapiente distinctio occaecati omnis sit. Aut voluptatem libero necessitatibus dolor.', '1986-12-13 20:19:09');
INSERT INTO `photos` (`id`, `filename`, `user_id`, `description`, `created_at`) VALUES ('15', 'voluptatem', '14', 'Qui cum expedita aut dolor aut. Quis labore sint magni omnis et omnis vel quaerat. Explicabo perferendis vel natus sed tenetur et. Accusamus omnis ea natus eum est et doloremque.', '2000-06-17 20:57:31');
INSERT INTO `photos` (`id`, `filename`, `user_id`, `description`, `created_at`) VALUES ('16', 'in', '86', 'Autem et blanditiis explicabo consequatur adipisci vitae qui. Non minus et iste. Similique molestias ut esse dolores molestias laboriosam id ea.', '1991-01-11 11:32:04');
INSERT INTO `photos` (`id`, `filename`, `user_id`, `description`, `created_at`) VALUES ('17', 'illo', '18', 'Nobis dolorum voluptas optio iste maxime consequatur. Atque non voluptatem qui corporis veniam cumque non nam.', '1978-07-26 11:21:53');
INSERT INTO `photos` (`id`, `filename`, `user_id`, `description`, `created_at`) VALUES ('18', 'atque', '36', 'Velit impedit aut qui fuga assumenda nihil fugit. Ut consequuntur id doloribus aliquid maxime eum non. Ut atque ducimus corporis quod voluptas natus.', '2002-08-23 18:09:02');
INSERT INTO `photos` (`id`, `filename`, `user_id`, `description`, `created_at`) VALUES ('19', 'voluptatem', '86', 'Ab qui error cum perspiciatis quia officiis. Eum occaecati quibusdam et repellendus repellendus dolor est dolorem. Quisquam omnis rerum quaerat. Odit laudantium et tempora quia necessitatibus.', '1980-10-09 18:11:44');
INSERT INTO `photos` (`id`, `filename`, `user_id`, `description`, `created_at`) VALUES ('20', 'deleniti', '49', 'Doloribus qui impedit deserunt aut sed vel laboriosam. Quia laborum laboriosam veritatis sint et. Corporis hic unde suscipit ad. Consequuntur amet et est quos.', '1992-11-27 18:29:30');
INSERT INTO `photos` (`id`, `filename`, `user_id`, `description`, `created_at`) VALUES ('21', 'eum', '11', 'Voluptas tempore quod et voluptas harum officiis. Et iure quis atque possimus. Ipsam eos beatae omnis sunt labore quia a similique. Dolorem quia excepturi sapiente quia voluptatem velit quas libero.', '2008-07-03 08:52:27');
INSERT INTO `photos` (`id`, `filename`, `user_id`, `description`, `created_at`) VALUES ('22', 'sed', '78', 'Enim ut sed dolores quis enim. Et porro delectus debitis aliquid ex commodi excepturi. Qui ipsa fugit in ea ut qui aliquam dicta. Sunt commodi doloribus est architecto possimus enim.', '2009-01-11 20:54:23');
INSERT INTO `photos` (`id`, `filename`, `user_id`, `description`, `created_at`) VALUES ('23', 'dolor', '23', 'Excepturi est consequatur similique ut ut id. Labore quaerat et repellat id et numquam officiis. Vel ullam doloribus consectetur et id consequuntur praesentium. Et aperiam eligendi corrupti sit in iure.', '2005-05-30 02:32:35');
INSERT INTO `photos` (`id`, `filename`, `user_id`, `description`, `created_at`) VALUES ('24', 'quia', '80', 'Odio vitae est accusamus voluptatem aliquid eos et iste. Vero esse voluptas sed facilis. Mollitia quia provident ab enim.', '2010-04-24 05:36:40');
INSERT INTO `photos` (`id`, `filename`, `user_id`, `description`, `created_at`) VALUES ('25', 'repellat', '57', 'Consequatur deserunt totam maiores veniam voluptate illo quo. Sint ab similique odit molestias rerum beatae. Aut rerum quia iure dolorem consequuntur. Error eveniet odio voluptas sit accusamus magnam sint. Et blanditiis et veritatis qui.', '2000-04-24 01:44:47');
INSERT INTO `photos` (`id`, `filename`, `user_id`, `description`, `created_at`) VALUES ('26', 'ut', '94', 'Quis neque et perferendis. Optio commodi aspernatur repellat omnis. Fuga id magnam neque quia eos ut ea. Vel aut vel et nisi. Est laboriosam odio libero non.', '2018-06-26 22:45:22');
INSERT INTO `photos` (`id`, `filename`, `user_id`, `description`, `created_at`) VALUES ('27', 'quas', '76', 'Dolorum omnis dolorum rerum eum culpa. Aperiam aliquid blanditiis est error ut sunt.', '1979-02-13 20:36:07');
INSERT INTO `photos` (`id`, `filename`, `user_id`, `description`, `created_at`) VALUES ('28', 'et', '35', 'Repellendus voluptas nemo ratione. Excepturi laboriosam dolore cum itaque ipsum alias aut. Enim necessitatibus iusto fugit illum minima architecto.', '2003-09-28 16:33:04');
INSERT INTO `photos` (`id`, `filename`, `user_id`, `description`, `created_at`) VALUES ('29', 'minus', '86', 'Nisi dicta distinctio aspernatur reiciendis. Ut eum excepturi ducimus eaque nesciunt. Laborum placeat fugiat fugiat nihil repudiandae fugit tenetur. Quam sunt quasi non eos inventore reiciendis magni qui.', '1986-03-11 20:33:36');
INSERT INTO `photos` (`id`, `filename`, `user_id`, `description`, `created_at`) VALUES ('30', 'qui', '76', 'Ut quis et ad non ducimus. Voluptatibus iusto enim voluptatem nulla.', '1982-03-23 22:19:23');
INSERT INTO `photos` (`id`, `filename`, `user_id`, `description`, `created_at`) VALUES ('31', 'sint', '28', 'Rerum voluptates enim corporis laudantium dolorem culpa. Dicta qui velit dolorum voluptatem quod. Ut porro quas repellat illo fugiat. A voluptas corrupti velit aut quia aut nulla neque.', '1993-10-09 14:11:00');
INSERT INTO `photos` (`id`, `filename`, `user_id`, `description`, `created_at`) VALUES ('32', 'recusandae', '85', 'Magnam consequatur in labore impedit praesentium vel. Omnis hic qui molestiae enim. Fuga quia error quia tempora dolore. Quas nostrum ad quos tempora reprehenderit eaque esse quod.', '1986-03-10 15:49:35');
INSERT INTO `photos` (`id`, `filename`, `user_id`, `description`, `created_at`) VALUES ('33', 'id', '71', 'Vel totam adipisci dolore impedit aliquid provident. Quis explicabo velit odio facilis illo et cum. Hic voluptatem et voluptate repellendus ipsam quia itaque. Veniam nulla est dolorem possimus.', '2004-07-20 21:27:33');
INSERT INTO `photos` (`id`, `filename`, `user_id`, `description`, `created_at`) VALUES ('34', 'quidem', '70', 'Optio quia autem quisquam ab omnis. Dolores quasi aut quidem dolorum. Et et praesentium eum cupiditate officia vitae.', '1981-12-01 03:55:37');
INSERT INTO `photos` (`id`, `filename`, `user_id`, `description`, `created_at`) VALUES ('35', 'enim', '25', 'Et quia dolorem accusantium et et debitis maiores. Et officiis dolorum est rerum accusamus non. Est cum et sed veniam natus architecto nulla reprehenderit. Eos voluptatem est nesciunt sit exercitationem excepturi delectus culpa.', '1979-07-22 12:32:43');
INSERT INTO `photos` (`id`, `filename`, `user_id`, `description`, `created_at`) VALUES ('36', 'ratione', '85', 'Deleniti odio autem inventore atque dignissimos. Repellat voluptatem natus et nesciunt accusantium. Eum ratione ut et voluptatem dignissimos repellat. Eaque consectetur occaecati quibusdam.', '2015-07-16 13:32:33');
INSERT INTO `photos` (`id`, `filename`, `user_id`, `description`, `created_at`) VALUES ('37', 'facilis', '57', 'Nobis rem ex iure dicta sit. Voluptas quia sit eum ut tempora sit. Distinctio ut quia ipsam ducimus a aliquam. Veniam eveniet vitae hic sed tempora.', '1974-06-16 02:20:40');
INSERT INTO `photos` (`id`, `filename`, `user_id`, `description`, `created_at`) VALUES ('38', 'ut', '51', 'Cupiditate ducimus sint explicabo vitae. Facilis et sed possimus harum. Harum nobis iste praesentium quos consectetur.', '1990-03-03 01:22:26');
INSERT INTO `photos` (`id`, `filename`, `user_id`, `description`, `created_at`) VALUES ('39', 'eaque', '27', 'Hic qui corporis quo voluptatum tenetur aut. Magnam quasi sunt dolores dolor in aut perferendis.', '2008-11-23 22:42:44');
INSERT INTO `photos` (`id`, `filename`, `user_id`, `description`, `created_at`) VALUES ('40', 'ex', '80', 'Repellat pariatur excepturi nihil sequi alias harum incidunt distinctio. Sit non aspernatur voluptatibus voluptatem nam ex ea. Adipisci fugiat voluptatum non ullam.', '1995-11-11 11:14:28');
INSERT INTO `photos` (`id`, `filename`, `user_id`, `description`, `created_at`) VALUES ('41', 'minus', '32', 'Vitae facere sit repellendus sit error quas. Neque quia voluptas est quos saepe optio. Eius et sit amet quia maxime sit. Qui dicta asperiores voluptatum.', '2001-11-02 08:39:43');
INSERT INTO `photos` (`id`, `filename`, `user_id`, `description`, `created_at`) VALUES ('42', 'impedit', '45', 'Eligendi quia et odit similique qui enim. Vitae quas assumenda autem dolores nobis dolorum praesentium eius. Et nam cupiditate necessitatibus provident ut.', '1989-10-21 20:27:35');
INSERT INTO `photos` (`id`, `filename`, `user_id`, `description`, `created_at`) VALUES ('43', 'omnis', '90', 'Nisi illo repellat nihil fugit minus. Eaque porro nihil in molestiae sunt alias odit. Et culpa facilis est nobis porro et. Beatae fuga sapiente qui et delectus voluptate.', '1992-02-21 05:24:45');
INSERT INTO `photos` (`id`, `filename`, `user_id`, `description`, `created_at`) VALUES ('44', 'consequuntur', '87', 'Debitis sed quo et facere omnis. Quia atque aut molestiae modi libero. Fugit autem dignissimos quia numquam repudiandae voluptas tempore aperiam.', '1994-01-04 06:15:41');
INSERT INTO `photos` (`id`, `filename`, `user_id`, `description`, `created_at`) VALUES ('45', 'molestias', '75', 'Numquam accusantium nulla nihil quaerat. Non quos amet placeat qui quia ipsam deserunt et. Quis sapiente incidunt nam natus quis. Et ducimus consectetur quasi excepturi omnis. Laboriosam corrupti tempore tempore quibusdam voluptatem est.', '2020-03-21 14:51:10');
INSERT INTO `photos` (`id`, `filename`, `user_id`, `description`, `created_at`) VALUES ('46', 'unde', '3', 'Rerum officia quia voluptates perferendis. Error corporis veritatis ipsam qui ipsam et ea dolor. Eum laborum temporibus eligendi deserunt commodi quidem.', '1975-02-10 04:01:03');
INSERT INTO `photos` (`id`, `filename`, `user_id`, `description`, `created_at`) VALUES ('47', 'quibusdam', '73', 'Qui cumque ut esse eos sequi. Hic architecto reprehenderit aut dolorem. Velit quas quis perferendis. Est consequatur aliquid enim.', '1970-12-12 11:16:08');
INSERT INTO `photos` (`id`, `filename`, `user_id`, `description`, `created_at`) VALUES ('48', 'ipsum', '93', 'Ea pariatur reiciendis reiciendis eius. Commodi non quia in sit adipisci. Ducimus voluptate quia ipsa aliquid consequuntur dolor ipsum occaecati. Odio temporibus facilis voluptas maxime dolor.', '1997-02-20 08:23:02');
INSERT INTO `photos` (`id`, `filename`, `user_id`, `description`, `created_at`) VALUES ('49', 'similique', '39', 'Sit sed cumque ipsum culpa. Sint doloribus atque pariatur et omnis doloremque exercitationem.', '2009-12-10 10:44:25');
INSERT INTO `photos` (`id`, `filename`, `user_id`, `description`, `created_at`) VALUES ('50', 'ratione', '59', 'Omnis perferendis aliquid voluptas placeat et et quibusdam quaerat. Quam aut in exercitationem sit laboriosam laboriosam. Sint tempore culpa voluptatibus similique autem nostrum ipsam.', '2009-10-11 05:11:39');
INSERT INTO `photos` (`id`, `filename`, `user_id`, `description`, `created_at`) VALUES ('51', 'omnis', '41', 'Repellendus natus qui unde dolores ea commodi. Quod ipsum dolore iure facere. Omnis ipsa quam dolorem quas voluptatem et ab.', '1990-06-04 18:09:25');
INSERT INTO `photos` (`id`, `filename`, `user_id`, `description`, `created_at`) VALUES ('52', 'ex', '49', 'Sed placeat earum sed ut sed eos saepe ut. Est eius est quis sint incidunt. Consectetur et cupiditate quis ut voluptatem.', '1976-12-15 17:34:43');
INSERT INTO `photos` (`id`, `filename`, `user_id`, `description`, `created_at`) VALUES ('53', 'qui', '36', 'Natus accusantium inventore repellendus sint quisquam deserunt tenetur. Est qui id doloremque et nihil omnis fuga. Error est eveniet velit dolorem sunt. In iste et eaque molestiae voluptatibus et. Accusantium nihil non eligendi saepe quia aspernatur.', '2012-10-16 07:56:25');
INSERT INTO `photos` (`id`, `filename`, `user_id`, `description`, `created_at`) VALUES ('54', 'unde', '64', 'Sunt delectus itaque omnis. Dolore nobis labore sit ex soluta. Ex fugit eos doloremque id iusto cupiditate harum corrupti. Est velit non et et.', '1971-02-15 17:53:35');
INSERT INTO `photos` (`id`, `filename`, `user_id`, `description`, `created_at`) VALUES ('55', 'dolorum', '28', 'Nostrum enim minima hic est placeat. Totam corporis impedit quam doloremque totam qui. Nihil non qui quasi necessitatibus est aut.', '2017-02-02 06:53:16');
INSERT INTO `photos` (`id`, `filename`, `user_id`, `description`, `created_at`) VALUES ('56', 'rerum', '93', 'In voluptates quia eos minus tempore nesciunt eligendi. Error aliquid quia impedit consequatur. Odio praesentium facilis et et placeat.', '1983-04-14 06:49:29');
INSERT INTO `photos` (`id`, `filename`, `user_id`, `description`, `created_at`) VALUES ('57', 'ullam', '58', 'Architecto voluptas provident repudiandae. Deleniti eligendi harum unde perferendis. Suscipit sapiente doloremque commodi voluptatem. Autem aspernatur blanditiis tempore amet unde dolor rerum.', '1998-07-19 02:58:53');
INSERT INTO `photos` (`id`, `filename`, `user_id`, `description`, `created_at`) VALUES ('58', 'veniam', '4', 'Molestiae voluptate iure animi consectetur. Qui et a numquam nulla. Aliquam enim quasi odio est. Fugit laboriosam dolorem porro quisquam eaque quia.', '1997-12-31 22:29:30');
INSERT INTO `photos` (`id`, `filename`, `user_id`, `description`, `created_at`) VALUES ('59', 'sed', '28', 'Vero sit nihil dolorem. Distinctio voluptas voluptatem nemo maiores delectus aut et. Quia rerum nihil et id magnam aspernatur nulla consequatur. Expedita ipsum sunt voluptatem quidem cumque fugit quam.', '2000-11-18 18:03:03');
INSERT INTO `photos` (`id`, `filename`, `user_id`, `description`, `created_at`) VALUES ('60', 'odio', '43', 'Placeat ut deleniti magnam. A consequatur minima eligendi id. Et quasi enim non quam.', '2000-12-09 18:07:02');
INSERT INTO `photos` (`id`, `filename`, `user_id`, `description`, `created_at`) VALUES ('61', 'quod', '80', 'Dolorem unde veritatis earum a et qui qui voluptas. Quaerat sequi sed error aut.', '1970-11-28 01:53:02');
INSERT INTO `photos` (`id`, `filename`, `user_id`, `description`, `created_at`) VALUES ('62', 'fuga', '55', 'Aspernatur eum dolor et error facere nihil ut. Magnam quas corporis quisquam.', '2007-01-08 14:06:34');
INSERT INTO `photos` (`id`, `filename`, `user_id`, `description`, `created_at`) VALUES ('63', 'laborum', '28', 'Voluptatem at distinctio atque ut et. Minus corrupti expedita distinctio rerum omnis ut. Saepe nisi aut aut molestiae sed.', '2009-03-12 10:07:24');
INSERT INTO `photos` (`id`, `filename`, `user_id`, `description`, `created_at`) VALUES ('64', 'et', '51', 'Pariatur corrupti repellat et saepe quasi. Odit quo et esse. Eaque qui quasi labore hic natus.', '1988-05-08 22:25:49');
INSERT INTO `photos` (`id`, `filename`, `user_id`, `description`, `created_at`) VALUES ('65', 'veniam', '24', 'Saepe eaque delectus molestias minima et. Ipsam alias aut deserunt inventore ab sunt sequi. Ut ut et facere sint. Deleniti non dolorum nihil omnis.', '2001-02-09 09:34:59');
INSERT INTO `photos` (`id`, `filename`, `user_id`, `description`, `created_at`) VALUES ('66', 'quia', '52', 'Distinctio quo quas amet dolores odit. Libero aut et ullam. Animi assumenda enim sequi. Et voluptas eos voluptas quia.', '1974-08-15 00:47:31');
INSERT INTO `photos` (`id`, `filename`, `user_id`, `description`, `created_at`) VALUES ('67', 'sit', '35', 'Aut molestiae quasi cum mollitia qui et est. Aut sint corporis ut harum omnis. Doloremque voluptates quo fugiat aut harum. Corporis praesentium architecto laborum.', '2019-12-16 19:31:59');
INSERT INTO `photos` (`id`, `filename`, `user_id`, `description`, `created_at`) VALUES ('68', 'voluptas', '81', 'Amet ut earum neque numquam odit. Aspernatur voluptatum sint et eum pariatur itaque quis fugit. Beatae occaecati nulla similique temporibus.', '1992-04-08 06:09:45');
INSERT INTO `photos` (`id`, `filename`, `user_id`, `description`, `created_at`) VALUES ('69', 'facere', '3', 'Enim corporis qui sed quidem. Et ut labore autem ut vitae. Eaque enim saepe laborum consequatur. Debitis culpa omnis necessitatibus voluptas est.', '1980-07-21 00:41:28');
INSERT INTO `photos` (`id`, `filename`, `user_id`, `description`, `created_at`) VALUES ('70', 'perspiciatis', '62', 'Delectus enim molestiae asperiores impedit exercitationem saepe dolor. Rem labore in nihil rerum. Corrupti inventore sunt id ipsum. Recusandae dolorum deserunt aut architecto.', '1981-02-02 09:44:22');
INSERT INTO `photos` (`id`, `filename`, `user_id`, `description`, `created_at`) VALUES ('71', 'ipsam', '61', 'Corporis quis doloremque totam nesciunt quos laborum voluptatem. Dolore molestiae quam placeat exercitationem. Rerum accusantium at eius modi.', '1990-01-27 12:30:11');
INSERT INTO `photos` (`id`, `filename`, `user_id`, `description`, `created_at`) VALUES ('72', 'ab', '35', 'Repellendus eum adipisci quam voluptatum. Fugiat aliquid sunt aliquid aut. Natus velit est accusamus impedit in modi et. At non qui voluptas aut ab laudantium rem alias.', '1983-02-19 20:02:48');
INSERT INTO `photos` (`id`, `filename`, `user_id`, `description`, `created_at`) VALUES ('73', 'debitis', '6', 'Corporis reiciendis omnis nisi et. Eos consequatur sapiente est. Ut quae voluptatum et reprehenderit beatae itaque pariatur architecto.', '1983-03-05 19:22:31');
INSERT INTO `photos` (`id`, `filename`, `user_id`, `description`, `created_at`) VALUES ('74', 'odio', '50', 'Cupiditate ullam sunt est blanditiis maxime dolor dolor ut. Sit quia sit itaque tempore nulla et. Sed cum est itaque voluptatibus velit.', '1986-12-12 13:56:43');
INSERT INTO `photos` (`id`, `filename`, `user_id`, `description`, `created_at`) VALUES ('75', 'consectetur', '21', 'Possimus porro animi sunt eius in. Et adipisci consequatur et rem eligendi tempora qui. Aut autem qui et commodi tempora consequatur nisi sequi. Similique veniam laborum et voluptate accusamus qui.', '1974-01-28 03:52:57');
INSERT INTO `photos` (`id`, `filename`, `user_id`, `description`, `created_at`) VALUES ('76', 'non', '81', 'Enim quaerat similique esse ut voluptatum. Eos et voluptatem doloremque et enim eaque aut.', '1973-09-13 14:58:14');
INSERT INTO `photos` (`id`, `filename`, `user_id`, `description`, `created_at`) VALUES ('77', 'fugiat', '53', 'Similique enim voluptas deserunt. Et dignissimos excepturi aut laudantium quos et quo. Modi quaerat sunt nisi sit cumque quia. Aut architecto dignissimos nemo est voluptatem.', '1999-05-24 16:44:34');
INSERT INTO `photos` (`id`, `filename`, `user_id`, `description`, `created_at`) VALUES ('78', 'pariatur', '94', 'Eos numquam ad animi at illum. Est voluptatem minima voluptatum nihil est eius rem. Nesciunt debitis ipsa assumenda porro.', '1989-01-16 22:22:04');
INSERT INTO `photos` (`id`, `filename`, `user_id`, `description`, `created_at`) VALUES ('79', 'qui', '73', 'Facere sed fugit quam quaerat. Animi rerum nulla omnis et deserunt. Ullam quia eius quo illo ut id et. Neque laboriosam culpa corrupti dolor.', '2003-04-20 09:13:38');
INSERT INTO `photos` (`id`, `filename`, `user_id`, `description`, `created_at`) VALUES ('80', 'vitae', '92', 'Est est temporibus doloremque enim provident velit adipisci. Nihil similique qui voluptates doloribus est quam minima. Nam tempore amet maiores quia saepe inventore. Esse ut est perspiciatis blanditiis maxime et.', '2001-08-28 00:08:50');
INSERT INTO `photos` (`id`, `filename`, `user_id`, `description`, `created_at`) VALUES ('81', 'tempore', '52', 'A aliquid accusantium possimus voluptas illo consectetur. Nulla eligendi sequi illo. Placeat doloribus mollitia fugit cupiditate nam quod fuga.', '2000-11-28 02:09:38');
INSERT INTO `photos` (`id`, `filename`, `user_id`, `description`, `created_at`) VALUES ('82', 'nihil', '14', 'Molestiae eveniet temporibus magnam porro mollitia sunt dicta eveniet. Accusamus excepturi voluptas voluptatibus ut et minima officiis. Aut blanditiis error porro consectetur dolorem.', '1996-11-16 19:59:19');
INSERT INTO `photos` (`id`, `filename`, `user_id`, `description`, `created_at`) VALUES ('83', 'numquam', '40', 'Et ratione saepe cumque vel deserunt iste autem. Ratione non unde assumenda consequuntur culpa. Neque non quo iure id qui amet. Quas voluptatem et odio fugiat deserunt.', '2018-09-15 19:10:17');
INSERT INTO `photos` (`id`, `filename`, `user_id`, `description`, `created_at`) VALUES ('84', 'iste', '88', 'Occaecati dolorum officia voluptatum omnis animi sunt et. Sit doloribus fugiat iste in fugiat optio. Debitis placeat qui aut mollitia dolores minima.', '2015-09-28 13:03:37');
INSERT INTO `photos` (`id`, `filename`, `user_id`, `description`, `created_at`) VALUES ('85', 'rerum', '78', 'Totam qui animi facere cum incidunt rerum. Est illo laboriosam sit repellat quo. Qui iusto accusamus est qui. Earum vel tenetur distinctio illum sunt doloribus.', '2006-04-09 06:26:35');
INSERT INTO `photos` (`id`, `filename`, `user_id`, `description`, `created_at`) VALUES ('86', 'harum', '67', 'Fuga maxime accusamus consequuntur ad eos quod. Perspiciatis ipsam repellendus sint aut. Beatae voluptatem accusantium non impedit atque iste. Nemo earum quasi eligendi expedita ipsam id et expedita.', '1989-07-13 09:41:29');
INSERT INTO `photos` (`id`, `filename`, `user_id`, `description`, `created_at`) VALUES ('87', 'neque', '81', 'Pariatur iusto aperiam placeat reiciendis tempore odio. Explicabo iste nemo reiciendis sapiente deserunt ratione. Reprehenderit ratione qui suscipit ea.', '2008-02-18 05:41:39');
INSERT INTO `photos` (`id`, `filename`, `user_id`, `description`, `created_at`) VALUES ('88', 'consequatur', '35', 'Error a ad rerum voluptatem nostrum veritatis. Dignissimos eveniet et provident quis et. Nihil dolor impedit omnis quidem consequuntur consequatur ab. Consequuntur esse quia ipsa.', '1992-04-24 11:40:48');
INSERT INTO `photos` (`id`, `filename`, `user_id`, `description`, `created_at`) VALUES ('89', 'magnam', '70', 'Ut officia totam soluta sed voluptatibus non adipisci et. Vitae vel animi enim beatae beatae eos reiciendis. Aut quisquam totam minus odio qui vitae suscipit. Officiis rerum nihil ea debitis laudantium at ipsum.', '1999-03-14 20:21:41');
INSERT INTO `photos` (`id`, `filename`, `user_id`, `description`, `created_at`) VALUES ('90', 'et', '8', 'Aut ea a saepe eos. Voluptatibus deserunt eveniet autem rerum odio fuga. Ut quis sit dolorem assumenda porro numquam.', '1993-11-15 13:30:08');
INSERT INTO `photos` (`id`, `filename`, `user_id`, `description`, `created_at`) VALUES ('91', 'vitae', '78', 'Ipsum dolores ut molestias totam voluptatem. Qui deserunt accusamus ipsum impedit est consequatur qui qui. Deleniti repellendus voluptas amet ut commodi et.', '1982-06-29 18:00:11');
INSERT INTO `photos` (`id`, `filename`, `user_id`, `description`, `created_at`) VALUES ('92', 'est', '49', 'Voluptate delectus numquam eius architecto. Aut expedita repellat numquam quas. Et dolore laudantium corrupti quibusdam natus.', '1985-06-01 10:29:56');
INSERT INTO `photos` (`id`, `filename`, `user_id`, `description`, `created_at`) VALUES ('93', 'aliquam', '62', 'Sunt saepe repudiandae quos molestiae. Maiores qui molestiae commodi ipsum quas. Amet expedita temporibus quidem blanditiis incidunt aut nam dolores.', '2010-05-19 07:54:52');
INSERT INTO `photos` (`id`, `filename`, `user_id`, `description`, `created_at`) VALUES ('94', 'sed', '6', 'Placeat facere rerum dolor illum. Consequuntur voluptatum in nobis nobis non fugit tempore.', '1977-06-20 03:01:29');
INSERT INTO `photos` (`id`, `filename`, `user_id`, `description`, `created_at`) VALUES ('95', 'aut', '100', 'Esse incidunt culpa adipisci nesciunt vitae laborum aut. Repudiandae possimus molestiae excepturi ipsa consequatur. Aperiam expedita qui quis tempore neque est. A unde necessitatibus consequuntur at eos.', '2004-12-25 03:57:02');
INSERT INTO `photos` (`id`, `filename`, `user_id`, `description`, `created_at`) VALUES ('96', 'earum', '86', 'Sunt eum id accusamus praesentium ex. Odit aut quisquam cumque. Quis atque id deleniti fugit nulla aut sit.', '2018-03-16 04:37:14');
INSERT INTO `photos` (`id`, `filename`, `user_id`, `description`, `created_at`) VALUES ('97', 'quasi', '57', 'Dolores quos enim odio nisi saepe alias consequatur qui. Illo dolorum ratione pariatur sunt pariatur rerum voluptatum. Debitis quasi et asperiores exercitationem molestias aut quo sit. Omnis et maxime et accusamus voluptatem mollitia consectetur.', '2020-02-14 20:24:55');
INSERT INTO `photos` (`id`, `filename`, `user_id`, `description`, `created_at`) VALUES ('98', 'nesciunt', '34', 'Excepturi velit quidem perferendis. Ut aut in qui eum eaque. Consequuntur velit suscipit beatae. Eaque unde sed sint magnam voluptatem quam commodi nulla. Qui laboriosam omnis qui voluptate qui aut.', '1999-06-27 11:31:08');
INSERT INTO `photos` (`id`, `filename`, `user_id`, `description`, `created_at`) VALUES ('99', 'necessitatibus', '67', 'Adipisci enim dignissimos non exercitationem inventore ut. Harum quod illo veniam magni eaque quis. Cupiditate totam quisquam nihil saepe est fugit nostrum optio. Exercitationem ex magni et est voluptatem sit ratione.', '2013-12-31 15:33:46');
INSERT INTO `photos` (`id`, `filename`, `user_id`, `description`, `created_at`) VALUES ('100', 'provident', '60', 'Qui dolor et ut facere est rem iste. Illo autem exercitationem est quibusdam. Quaerat eos ratione consequatur quos earum.', '1970-10-08 18:13:25');


#
# TABLE STRUCTURE FOR: posts
#

DROP TABLE IF EXISTS `posts`;

CREATE TABLE `posts` (
  `id` bigint(20) unsigned NOT NULL AUTO_INCREMENT,
  `user_id` bigint(20) unsigned NOT NULL,
  `post` text COLLATE utf8_unicode_ci DEFAULT NULL,
  `attachments` longtext CHARACTER SET utf8mb4 COLLATE utf8mb4_bin DEFAULT NULL CHECK (json_valid(`attachments`)),
  `metadata` longtext CHARACTER SET utf8mb4 COLLATE utf8mb4_bin DEFAULT NULL CHECK (json_valid(`metadata`)),
  `created_at` datetime DEFAULT current_timestamp(),
  `updated_at` datetime DEFAULT current_timestamp() ON UPDATE current_timestamp(),
  PRIMARY KEY (`id`),
  KEY `user_id` (`user_id`),
  CONSTRAINT `posts_ibfk_1` FOREIGN KEY (`user_id`) REFERENCES `users` (`id`)
) ENGINE=InnoDB AUTO_INCREMENT=101 DEFAULT CHARSET=utf8 COLLATE=utf8_unicode_ci;

INSERT INTO `posts` (`id`, `user_id`, `post`, `attachments`, `metadata`, `created_at`, `updated_at`) VALUES ('1', '74', 'corporis', NULL, NULL, '2007-02-14 22:21:51', '2008-04-04 04:09:00');
INSERT INTO `posts` (`id`, `user_id`, `post`, `attachments`, `metadata`, `created_at`, `updated_at`) VALUES ('2', '75', 'sunt', NULL, NULL, '2010-11-07 16:43:45', '2005-11-07 20:09:01');
INSERT INTO `posts` (`id`, `user_id`, `post`, `attachments`, `metadata`, `created_at`, `updated_at`) VALUES ('3', '13', 'aliquid', NULL, NULL, '1975-04-28 22:37:14', '2003-06-12 20:06:34');
INSERT INTO `posts` (`id`, `user_id`, `post`, `attachments`, `metadata`, `created_at`, `updated_at`) VALUES ('4', '1', 'illum', NULL, NULL, '1980-02-15 02:29:26', '1989-09-10 22:25:07');
INSERT INTO `posts` (`id`, `user_id`, `post`, `attachments`, `metadata`, `created_at`, `updated_at`) VALUES ('5', '70', 'cupiditate', NULL, NULL, '2017-03-04 14:02:50', '1984-12-23 13:59:19');
INSERT INTO `posts` (`id`, `user_id`, `post`, `attachments`, `metadata`, `created_at`, `updated_at`) VALUES ('6', '31', 'cum', NULL, NULL, '1998-05-13 13:46:12', '1974-08-16 22:34:14');
INSERT INTO `posts` (`id`, `user_id`, `post`, `attachments`, `metadata`, `created_at`, `updated_at`) VALUES ('7', '30', 'expedita', NULL, NULL, '2018-02-02 15:41:23', '2013-01-21 22:25:38');
INSERT INTO `posts` (`id`, `user_id`, `post`, `attachments`, `metadata`, `created_at`, `updated_at`) VALUES ('8', '15', 'animi', NULL, NULL, '2007-10-24 09:17:26', '2013-01-11 14:23:26');
INSERT INTO `posts` (`id`, `user_id`, `post`, `attachments`, `metadata`, `created_at`, `updated_at`) VALUES ('9', '100', 'molestiae', NULL, NULL, '1978-01-16 12:35:27', '1997-08-31 08:23:36');
INSERT INTO `posts` (`id`, `user_id`, `post`, `attachments`, `metadata`, `created_at`, `updated_at`) VALUES ('10', '66', 'soluta', NULL, NULL, '2002-05-13 15:48:23', '1974-11-09 18:18:15');
INSERT INTO `posts` (`id`, `user_id`, `post`, `attachments`, `metadata`, `created_at`, `updated_at`) VALUES ('11', '24', 'pariatur', NULL, NULL, '2017-10-08 18:25:00', '1995-08-31 06:21:44');
INSERT INTO `posts` (`id`, `user_id`, `post`, `attachments`, `metadata`, `created_at`, `updated_at`) VALUES ('12', '56', 'tempore', NULL, NULL, '2004-10-28 07:20:27', '1982-03-26 16:01:36');
INSERT INTO `posts` (`id`, `user_id`, `post`, `attachments`, `metadata`, `created_at`, `updated_at`) VALUES ('13', '16', 'est', NULL, NULL, '2013-03-03 17:07:13', '2014-10-04 15:26:43');
INSERT INTO `posts` (`id`, `user_id`, `post`, `attachments`, `metadata`, `created_at`, `updated_at`) VALUES ('14', '15', 'ea', NULL, NULL, '2007-01-29 19:24:46', '2017-03-22 02:56:56');
INSERT INTO `posts` (`id`, `user_id`, `post`, `attachments`, `metadata`, `created_at`, `updated_at`) VALUES ('15', '11', 'labore', NULL, NULL, '1982-06-05 16:15:46', '2011-04-14 16:17:04');
INSERT INTO `posts` (`id`, `user_id`, `post`, `attachments`, `metadata`, `created_at`, `updated_at`) VALUES ('16', '55', 'expedita', NULL, NULL, '2015-02-25 15:21:44', '2016-04-29 09:57:26');
INSERT INTO `posts` (`id`, `user_id`, `post`, `attachments`, `metadata`, `created_at`, `updated_at`) VALUES ('17', '13', 'tempore', NULL, NULL, '2019-04-24 01:57:48', '2017-08-01 19:42:43');
INSERT INTO `posts` (`id`, `user_id`, `post`, `attachments`, `metadata`, `created_at`, `updated_at`) VALUES ('18', '73', 'beatae', NULL, NULL, '1987-09-07 03:53:51', '2015-09-02 13:38:55');
INSERT INTO `posts` (`id`, `user_id`, `post`, `attachments`, `metadata`, `created_at`, `updated_at`) VALUES ('19', '96', 'possimus', NULL, NULL, '1982-07-23 05:46:34', '2009-09-22 16:08:42');
INSERT INTO `posts` (`id`, `user_id`, `post`, `attachments`, `metadata`, `created_at`, `updated_at`) VALUES ('20', '82', 'totam', NULL, NULL, '2015-11-21 18:12:57', '2004-08-24 02:15:27');
INSERT INTO `posts` (`id`, `user_id`, `post`, `attachments`, `metadata`, `created_at`, `updated_at`) VALUES ('21', '14', 'vel', NULL, NULL, '1999-06-03 09:14:23', '2019-04-03 13:55:56');
INSERT INTO `posts` (`id`, `user_id`, `post`, `attachments`, `metadata`, `created_at`, `updated_at`) VALUES ('22', '16', 'suscipit', NULL, NULL, '1997-10-24 21:23:34', '2006-02-22 19:47:17');
INSERT INTO `posts` (`id`, `user_id`, `post`, `attachments`, `metadata`, `created_at`, `updated_at`) VALUES ('23', '30', 'error', NULL, NULL, '1977-03-11 09:25:44', '2019-02-26 12:14:51');
INSERT INTO `posts` (`id`, `user_id`, `post`, `attachments`, `metadata`, `created_at`, `updated_at`) VALUES ('24', '95', 'veniam', NULL, NULL, '2011-04-19 17:13:43', '2004-03-19 05:08:58');
INSERT INTO `posts` (`id`, `user_id`, `post`, `attachments`, `metadata`, `created_at`, `updated_at`) VALUES ('25', '7', 'voluptate', NULL, NULL, '2007-06-12 22:32:27', '1997-11-21 18:50:21');
INSERT INTO `posts` (`id`, `user_id`, `post`, `attachments`, `metadata`, `created_at`, `updated_at`) VALUES ('26', '35', 'quam', NULL, NULL, '1981-01-15 00:51:38', '1979-05-28 10:09:17');
INSERT INTO `posts` (`id`, `user_id`, `post`, `attachments`, `metadata`, `created_at`, `updated_at`) VALUES ('27', '46', 'possimus', NULL, NULL, '2000-10-06 11:03:42', '1987-07-14 17:40:40');
INSERT INTO `posts` (`id`, `user_id`, `post`, `attachments`, `metadata`, `created_at`, `updated_at`) VALUES ('28', '63', 'molestiae', NULL, NULL, '2003-05-28 02:53:51', '1997-04-22 18:48:54');
INSERT INTO `posts` (`id`, `user_id`, `post`, `attachments`, `metadata`, `created_at`, `updated_at`) VALUES ('29', '14', 'aspernatur', NULL, NULL, '1984-06-18 17:01:16', '1999-03-25 06:05:38');
INSERT INTO `posts` (`id`, `user_id`, `post`, `attachments`, `metadata`, `created_at`, `updated_at`) VALUES ('30', '55', 'enim', NULL, NULL, '2016-09-04 16:32:00', '1988-08-31 08:31:11');
INSERT INTO `posts` (`id`, `user_id`, `post`, `attachments`, `metadata`, `created_at`, `updated_at`) VALUES ('31', '29', 'quia', NULL, NULL, '1992-04-29 08:09:29', '2015-08-20 22:38:37');
INSERT INTO `posts` (`id`, `user_id`, `post`, `attachments`, `metadata`, `created_at`, `updated_at`) VALUES ('32', '87', 'dolor', NULL, NULL, '2020-10-18 20:31:08', '2001-08-30 17:29:49');
INSERT INTO `posts` (`id`, `user_id`, `post`, `attachments`, `metadata`, `created_at`, `updated_at`) VALUES ('33', '29', 'qui', NULL, NULL, '1970-11-18 19:21:32', '2005-07-29 10:00:03');
INSERT INTO `posts` (`id`, `user_id`, `post`, `attachments`, `metadata`, `created_at`, `updated_at`) VALUES ('34', '42', 'at', NULL, NULL, '2013-12-13 05:09:54', '1989-11-12 15:09:53');
INSERT INTO `posts` (`id`, `user_id`, `post`, `attachments`, `metadata`, `created_at`, `updated_at`) VALUES ('35', '87', 'delectus', NULL, NULL, '2009-09-16 02:03:31', '1986-05-19 06:47:00');
INSERT INTO `posts` (`id`, `user_id`, `post`, `attachments`, `metadata`, `created_at`, `updated_at`) VALUES ('36', '99', 'minus', NULL, NULL, '1988-10-22 08:57:33', '1997-01-22 17:29:06');
INSERT INTO `posts` (`id`, `user_id`, `post`, `attachments`, `metadata`, `created_at`, `updated_at`) VALUES ('37', '72', 'ullam', NULL, NULL, '2007-11-17 20:53:05', '1972-06-26 08:06:56');
INSERT INTO `posts` (`id`, `user_id`, `post`, `attachments`, `metadata`, `created_at`, `updated_at`) VALUES ('38', '17', 'placeat', NULL, NULL, '1971-01-10 11:01:03', '1984-08-25 15:10:05');
INSERT INTO `posts` (`id`, `user_id`, `post`, `attachments`, `metadata`, `created_at`, `updated_at`) VALUES ('39', '13', 'impedit', NULL, NULL, '1973-09-21 13:11:59', '2007-10-30 15:21:19');
INSERT INTO `posts` (`id`, `user_id`, `post`, `attachments`, `metadata`, `created_at`, `updated_at`) VALUES ('40', '72', 'labore', NULL, NULL, '2016-02-02 08:49:19', '1978-07-17 16:20:57');
INSERT INTO `posts` (`id`, `user_id`, `post`, `attachments`, `metadata`, `created_at`, `updated_at`) VALUES ('41', '82', 'sed', NULL, NULL, '2017-10-10 07:52:13', '2000-10-14 11:57:23');
INSERT INTO `posts` (`id`, `user_id`, `post`, `attachments`, `metadata`, `created_at`, `updated_at`) VALUES ('42', '36', 'ipsam', NULL, NULL, '1984-03-05 21:34:37', '2009-04-24 16:15:55');
INSERT INTO `posts` (`id`, `user_id`, `post`, `attachments`, `metadata`, `created_at`, `updated_at`) VALUES ('43', '28', 'dolores', NULL, NULL, '2000-12-02 12:43:05', '1987-04-09 14:36:24');
INSERT INTO `posts` (`id`, `user_id`, `post`, `attachments`, `metadata`, `created_at`, `updated_at`) VALUES ('44', '98', 'at', NULL, NULL, '1997-11-15 13:00:24', '1978-08-22 20:27:52');
INSERT INTO `posts` (`id`, `user_id`, `post`, `attachments`, `metadata`, `created_at`, `updated_at`) VALUES ('45', '51', 'neque', NULL, NULL, '2001-02-18 01:37:52', '1996-12-06 00:33:22');
INSERT INTO `posts` (`id`, `user_id`, `post`, `attachments`, `metadata`, `created_at`, `updated_at`) VALUES ('46', '38', 'iste', NULL, NULL, '2010-11-12 21:17:23', '1977-03-22 08:03:19');
INSERT INTO `posts` (`id`, `user_id`, `post`, `attachments`, `metadata`, `created_at`, `updated_at`) VALUES ('47', '53', 'placeat', NULL, NULL, '2009-03-02 15:58:44', '1980-10-04 08:26:38');
INSERT INTO `posts` (`id`, `user_id`, `post`, `attachments`, `metadata`, `created_at`, `updated_at`) VALUES ('48', '63', 'tempore', NULL, NULL, '2010-08-21 02:08:38', '1989-01-31 01:06:26');
INSERT INTO `posts` (`id`, `user_id`, `post`, `attachments`, `metadata`, `created_at`, `updated_at`) VALUES ('49', '11', 'quasi', NULL, NULL, '1997-12-29 10:58:45', '1972-12-13 20:39:11');
INSERT INTO `posts` (`id`, `user_id`, `post`, `attachments`, `metadata`, `created_at`, `updated_at`) VALUES ('50', '49', 'asperiores', NULL, NULL, '1975-01-16 14:25:52', '1975-09-18 20:58:03');
INSERT INTO `posts` (`id`, `user_id`, `post`, `attachments`, `metadata`, `created_at`, `updated_at`) VALUES ('51', '44', 'dolorem', NULL, NULL, '1998-11-10 09:49:49', '2020-10-10 01:16:36');
INSERT INTO `posts` (`id`, `user_id`, `post`, `attachments`, `metadata`, `created_at`, `updated_at`) VALUES ('52', '25', 'enim', NULL, NULL, '1971-12-20 10:50:25', '1977-08-22 17:12:40');
INSERT INTO `posts` (`id`, `user_id`, `post`, `attachments`, `metadata`, `created_at`, `updated_at`) VALUES ('53', '65', 'sint', NULL, NULL, '1992-07-20 02:03:14', '1994-05-12 16:03:59');
INSERT INTO `posts` (`id`, `user_id`, `post`, `attachments`, `metadata`, `created_at`, `updated_at`) VALUES ('54', '74', 'aperiam', NULL, NULL, '1996-05-01 18:53:36', '1993-06-01 03:24:38');
INSERT INTO `posts` (`id`, `user_id`, `post`, `attachments`, `metadata`, `created_at`, `updated_at`) VALUES ('55', '20', 'ut', NULL, NULL, '1994-03-06 15:07:29', '2011-01-09 13:56:39');
INSERT INTO `posts` (`id`, `user_id`, `post`, `attachments`, `metadata`, `created_at`, `updated_at`) VALUES ('56', '71', 'quia', NULL, NULL, '1971-10-19 06:37:14', '2014-08-30 08:02:09');
INSERT INTO `posts` (`id`, `user_id`, `post`, `attachments`, `metadata`, `created_at`, `updated_at`) VALUES ('57', '9', 'repudiandae', NULL, NULL, '1977-04-27 12:46:46', '2012-07-24 22:45:34');
INSERT INTO `posts` (`id`, `user_id`, `post`, `attachments`, `metadata`, `created_at`, `updated_at`) VALUES ('58', '65', 'in', NULL, NULL, '1981-09-08 04:33:23', '1983-05-31 20:59:04');
INSERT INTO `posts` (`id`, `user_id`, `post`, `attachments`, `metadata`, `created_at`, `updated_at`) VALUES ('59', '34', 'quaerat', NULL, NULL, '1999-08-28 21:37:16', '1986-10-01 01:47:56');
INSERT INTO `posts` (`id`, `user_id`, `post`, `attachments`, `metadata`, `created_at`, `updated_at`) VALUES ('60', '22', 'sequi', NULL, NULL, '1970-10-18 01:48:00', '1994-05-12 02:23:16');
INSERT INTO `posts` (`id`, `user_id`, `post`, `attachments`, `metadata`, `created_at`, `updated_at`) VALUES ('61', '20', 'voluptatum', NULL, NULL, '2005-04-28 22:04:53', '2020-05-06 21:23:39');
INSERT INTO `posts` (`id`, `user_id`, `post`, `attachments`, `metadata`, `created_at`, `updated_at`) VALUES ('62', '62', 'rerum', NULL, NULL, '2006-01-11 17:30:10', '1971-07-26 18:32:39');
INSERT INTO `posts` (`id`, `user_id`, `post`, `attachments`, `metadata`, `created_at`, `updated_at`) VALUES ('63', '9', 'qui', NULL, NULL, '1993-11-07 14:58:25', '1977-10-14 22:39:47');
INSERT INTO `posts` (`id`, `user_id`, `post`, `attachments`, `metadata`, `created_at`, `updated_at`) VALUES ('64', '49', 'reiciendis', NULL, NULL, '2011-03-21 15:33:40', '2011-01-14 06:01:41');
INSERT INTO `posts` (`id`, `user_id`, `post`, `attachments`, `metadata`, `created_at`, `updated_at`) VALUES ('65', '3', 'voluptatem', NULL, NULL, '1981-02-18 11:36:10', '2008-01-29 09:34:09');
INSERT INTO `posts` (`id`, `user_id`, `post`, `attachments`, `metadata`, `created_at`, `updated_at`) VALUES ('66', '95', 'pariatur', NULL, NULL, '2002-09-05 05:58:17', '1985-07-12 07:54:18');
INSERT INTO `posts` (`id`, `user_id`, `post`, `attachments`, `metadata`, `created_at`, `updated_at`) VALUES ('67', '47', 'voluptatum', NULL, NULL, '2009-07-19 09:33:18', '1998-09-02 19:40:25');
INSERT INTO `posts` (`id`, `user_id`, `post`, `attachments`, `metadata`, `created_at`, `updated_at`) VALUES ('68', '75', 'ex', NULL, NULL, '1979-07-31 00:14:07', '2001-05-22 14:32:52');
INSERT INTO `posts` (`id`, `user_id`, `post`, `attachments`, `metadata`, `created_at`, `updated_at`) VALUES ('69', '11', 'molestias', NULL, NULL, '2011-03-04 23:14:48', '1992-05-07 23:47:52');
INSERT INTO `posts` (`id`, `user_id`, `post`, `attachments`, `metadata`, `created_at`, `updated_at`) VALUES ('70', '59', 'quis', NULL, NULL, '1992-10-08 19:36:32', '2019-04-30 08:43:31');
INSERT INTO `posts` (`id`, `user_id`, `post`, `attachments`, `metadata`, `created_at`, `updated_at`) VALUES ('71', '46', 'deleniti', NULL, NULL, '2006-05-27 22:59:10', '2020-07-08 07:07:58');
INSERT INTO `posts` (`id`, `user_id`, `post`, `attachments`, `metadata`, `created_at`, `updated_at`) VALUES ('72', '93', 'molestias', NULL, NULL, '1999-10-14 01:43:24', '1982-01-22 16:34:02');
INSERT INTO `posts` (`id`, `user_id`, `post`, `attachments`, `metadata`, `created_at`, `updated_at`) VALUES ('73', '95', 'suscipit', NULL, NULL, '1997-06-08 01:51:41', '1986-11-08 19:00:49');
INSERT INTO `posts` (`id`, `user_id`, `post`, `attachments`, `metadata`, `created_at`, `updated_at`) VALUES ('74', '73', 'quia', NULL, NULL, '1996-08-27 19:14:12', '1981-11-04 11:08:53');
INSERT INTO `posts` (`id`, `user_id`, `post`, `attachments`, `metadata`, `created_at`, `updated_at`) VALUES ('75', '91', 'reiciendis', NULL, NULL, '1993-04-18 00:38:30', '1997-12-31 11:25:06');
INSERT INTO `posts` (`id`, `user_id`, `post`, `attachments`, `metadata`, `created_at`, `updated_at`) VALUES ('76', '46', 'esse', NULL, NULL, '1989-03-26 00:06:54', '1977-05-26 05:15:29');
INSERT INTO `posts` (`id`, `user_id`, `post`, `attachments`, `metadata`, `created_at`, `updated_at`) VALUES ('77', '11', 'rerum', NULL, NULL, '1990-09-23 17:30:10', '1988-07-26 23:28:17');
INSERT INTO `posts` (`id`, `user_id`, `post`, `attachments`, `metadata`, `created_at`, `updated_at`) VALUES ('78', '43', 'quasi', NULL, NULL, '2020-09-25 18:29:57', '1980-08-14 12:05:14');
INSERT INTO `posts` (`id`, `user_id`, `post`, `attachments`, `metadata`, `created_at`, `updated_at`) VALUES ('79', '8', 'perspiciatis', NULL, NULL, '1977-01-01 02:54:16', '1986-06-13 17:27:39');
INSERT INTO `posts` (`id`, `user_id`, `post`, `attachments`, `metadata`, `created_at`, `updated_at`) VALUES ('80', '22', 'illum', NULL, NULL, '1998-01-05 12:19:12', '1995-09-20 23:49:06');
INSERT INTO `posts` (`id`, `user_id`, `post`, `attachments`, `metadata`, `created_at`, `updated_at`) VALUES ('81', '92', 'quia', NULL, NULL, '2019-04-16 12:49:40', '1981-05-01 06:03:56');
INSERT INTO `posts` (`id`, `user_id`, `post`, `attachments`, `metadata`, `created_at`, `updated_at`) VALUES ('82', '52', 'quia', NULL, NULL, '1985-09-04 20:49:38', '1993-12-27 21:33:08');
INSERT INTO `posts` (`id`, `user_id`, `post`, `attachments`, `metadata`, `created_at`, `updated_at`) VALUES ('83', '46', 'in', NULL, NULL, '1975-12-09 17:24:43', '2001-01-21 19:30:59');
INSERT INTO `posts` (`id`, `user_id`, `post`, `attachments`, `metadata`, `created_at`, `updated_at`) VALUES ('84', '56', 'esse', NULL, NULL, '1981-08-07 16:20:23', '1991-06-12 22:26:32');
INSERT INTO `posts` (`id`, `user_id`, `post`, `attachments`, `metadata`, `created_at`, `updated_at`) VALUES ('85', '26', 'fuga', NULL, NULL, '1999-09-11 03:47:19', '1992-08-07 14:05:50');
INSERT INTO `posts` (`id`, `user_id`, `post`, `attachments`, `metadata`, `created_at`, `updated_at`) VALUES ('86', '65', 'aut', NULL, NULL, '1988-10-19 13:50:38', '2015-08-18 08:56:02');
INSERT INTO `posts` (`id`, `user_id`, `post`, `attachments`, `metadata`, `created_at`, `updated_at`) VALUES ('87', '27', 'dicta', NULL, NULL, '1980-09-29 18:48:27', '2000-07-11 04:25:27');
INSERT INTO `posts` (`id`, `user_id`, `post`, `attachments`, `metadata`, `created_at`, `updated_at`) VALUES ('88', '34', 'nesciunt', NULL, NULL, '1973-11-02 04:06:42', '1986-01-13 13:47:21');
INSERT INTO `posts` (`id`, `user_id`, `post`, `attachments`, `metadata`, `created_at`, `updated_at`) VALUES ('89', '29', 'ipsam', NULL, NULL, '2000-05-26 12:41:45', '2014-06-01 09:36:25');
INSERT INTO `posts` (`id`, `user_id`, `post`, `attachments`, `metadata`, `created_at`, `updated_at`) VALUES ('90', '60', 'recusandae', NULL, NULL, '2006-07-15 19:17:34', '1999-04-07 17:09:28');
INSERT INTO `posts` (`id`, `user_id`, `post`, `attachments`, `metadata`, `created_at`, `updated_at`) VALUES ('91', '56', 'rerum', NULL, NULL, '1986-01-21 02:37:11', '1979-02-18 10:25:41');
INSERT INTO `posts` (`id`, `user_id`, `post`, `attachments`, `metadata`, `created_at`, `updated_at`) VALUES ('92', '49', 'excepturi', NULL, NULL, '1973-07-24 02:58:54', '2019-11-09 12:46:51');
INSERT INTO `posts` (`id`, `user_id`, `post`, `attachments`, `metadata`, `created_at`, `updated_at`) VALUES ('93', '21', 'iste', NULL, NULL, '2006-04-26 02:22:59', '1990-11-04 22:26:58');
INSERT INTO `posts` (`id`, `user_id`, `post`, `attachments`, `metadata`, `created_at`, `updated_at`) VALUES ('94', '64', 'illum', NULL, NULL, '1993-03-05 04:38:27', '1998-11-18 04:29:01');
INSERT INTO `posts` (`id`, `user_id`, `post`, `attachments`, `metadata`, `created_at`, `updated_at`) VALUES ('95', '97', 'est', NULL, NULL, '1995-10-08 21:11:38', '1973-05-20 21:23:39');
INSERT INTO `posts` (`id`, `user_id`, `post`, `attachments`, `metadata`, `created_at`, `updated_at`) VALUES ('96', '24', 'ratione', NULL, NULL, '1986-07-15 23:56:19', '1971-03-30 04:42:40');
INSERT INTO `posts` (`id`, `user_id`, `post`, `attachments`, `metadata`, `created_at`, `updated_at`) VALUES ('97', '59', 'aut', NULL, NULL, '1976-10-03 06:00:10', '1979-01-23 10:22:12');
INSERT INTO `posts` (`id`, `user_id`, `post`, `attachments`, `metadata`, `created_at`, `updated_at`) VALUES ('98', '43', 'sed', NULL, NULL, '2006-08-22 06:27:13', '1996-05-13 20:35:18');
INSERT INTO `posts` (`id`, `user_id`, `post`, `attachments`, `metadata`, `created_at`, `updated_at`) VALUES ('99', '99', 'deleniti', NULL, NULL, '1989-06-27 15:21:41', '1988-02-25 20:48:07');
INSERT INTO `posts` (`id`, `user_id`, `post`, `attachments`, `metadata`, `created_at`, `updated_at`) VALUES ('100', '70', 'enim', NULL, NULL, '1974-03-24 06:31:27', '1983-02-20 23:05:44');


#
# TABLE STRUCTURE FOR: posts_likes
#

DROP TABLE IF EXISTS `posts_likes`;

CREATE TABLE `posts_likes` (
  `id` bigint(20) unsigned NOT NULL AUTO_INCREMENT,
  `user_id` bigint(20) unsigned NOT NULL,
  `post_id` bigint(20) unsigned NOT NULL,
  `quantity` int(11) DEFAULT NULL,
  `created_at` datetime DEFAULT current_timestamp(),
  PRIMARY KEY (`id`),
  KEY `user_id` (`user_id`),
  KEY `post_id` (`post_id`),
  CONSTRAINT `posts_likes_ibfk_1` FOREIGN KEY (`user_id`) REFERENCES `users` (`id`),
  CONSTRAINT `posts_likes_ibfk_2` FOREIGN KEY (`post_id`) REFERENCES `posts` (`id`)
) ENGINE=InnoDB AUTO_INCREMENT=101 DEFAULT CHARSET=utf8 COLLATE=utf8_unicode_ci;

INSERT INTO `posts_likes` (`id`, `user_id`, `post_id`, `quantity`, `created_at`) VALUES ('1', '38', '89', 0, '1982-04-20 07:06:25');
INSERT INTO `posts_likes` (`id`, `user_id`, `post_id`, `quantity`, `created_at`) VALUES ('2', '69', '84', 61, '2003-09-23 00:26:19');
INSERT INTO `posts_likes` (`id`, `user_id`, `post_id`, `quantity`, `created_at`) VALUES ('3', '39', '56', 81627502, '1976-05-03 19:12:22');
INSERT INTO `posts_likes` (`id`, `user_id`, `post_id`, `quantity`, `created_at`) VALUES ('4', '5', '59', 0, '1982-03-20 09:03:16');
INSERT INTO `posts_likes` (`id`, `user_id`, `post_id`, `quantity`, `created_at`) VALUES ('5', '14', '5', 550063515, '1970-03-26 04:32:12');
INSERT INTO `posts_likes` (`id`, `user_id`, `post_id`, `quantity`, `created_at`) VALUES ('6', '59', '10', 25283830, '1975-06-27 15:40:28');
INSERT INTO `posts_likes` (`id`, `user_id`, `post_id`, `quantity`, `created_at`) VALUES ('7', '50', '35', 4479, '1991-02-18 14:10:33');
INSERT INTO `posts_likes` (`id`, `user_id`, `post_id`, `quantity`, `created_at`) VALUES ('8', '79', '100', 9, '1985-12-07 10:43:16');
INSERT INTO `posts_likes` (`id`, `user_id`, `post_id`, `quantity`, `created_at`) VALUES ('9', '70', '30', 43165, '1995-11-02 21:34:48');
INSERT INTO `posts_likes` (`id`, `user_id`, `post_id`, `quantity`, `created_at`) VALUES ('10', '100', '3', 0, '1990-07-02 11:28:02');
INSERT INTO `posts_likes` (`id`, `user_id`, `post_id`, `quantity`, `created_at`) VALUES ('11', '12', '75', 0, '2020-03-18 04:05:24');
INSERT INTO `posts_likes` (`id`, `user_id`, `post_id`, `quantity`, `created_at`) VALUES ('12', '49', '13', 15, '1971-03-15 13:45:34');
INSERT INTO `posts_likes` (`id`, `user_id`, `post_id`, `quantity`, `created_at`) VALUES ('13', '46', '69', 851200816, '2006-05-11 12:38:06');
INSERT INTO `posts_likes` (`id`, `user_id`, `post_id`, `quantity`, `created_at`) VALUES ('14', '52', '52', 3, '2019-08-16 21:22:42');
INSERT INTO `posts_likes` (`id`, `user_id`, `post_id`, `quantity`, `created_at`) VALUES ('15', '85', '61', 5287181, '2011-09-05 19:41:04');
INSERT INTO `posts_likes` (`id`, `user_id`, `post_id`, `quantity`, `created_at`) VALUES ('16', '23', '22', 7, '1999-12-24 15:08:59');
INSERT INTO `posts_likes` (`id`, `user_id`, `post_id`, `quantity`, `created_at`) VALUES ('17', '49', '92', 506, '1981-03-21 00:38:42');
INSERT INTO `posts_likes` (`id`, `user_id`, `post_id`, `quantity`, `created_at`) VALUES ('18', '6', '88', 0, '2015-01-10 16:26:07');
INSERT INTO `posts_likes` (`id`, `user_id`, `post_id`, `quantity`, `created_at`) VALUES ('19', '47', '10', 212, '1990-10-09 07:30:14');
INSERT INTO `posts_likes` (`id`, `user_id`, `post_id`, `quantity`, `created_at`) VALUES ('20', '46', '61', 0, '2004-05-23 05:47:36');
INSERT INTO `posts_likes` (`id`, `user_id`, `post_id`, `quantity`, `created_at`) VALUES ('21', '15', '4', 10864131, '2019-07-28 01:20:52');
INSERT INTO `posts_likes` (`id`, `user_id`, `post_id`, `quantity`, `created_at`) VALUES ('22', '70', '65', 52, '1988-05-09 12:25:53');
INSERT INTO `posts_likes` (`id`, `user_id`, `post_id`, `quantity`, `created_at`) VALUES ('23', '39', '49', 32064019, '1974-10-19 00:24:01');
INSERT INTO `posts_likes` (`id`, `user_id`, `post_id`, `quantity`, `created_at`) VALUES ('24', '64', '9', 0, '1986-05-21 19:53:30');
INSERT INTO `posts_likes` (`id`, `user_id`, `post_id`, `quantity`, `created_at`) VALUES ('25', '78', '64', 0, '2013-06-11 13:12:40');
INSERT INTO `posts_likes` (`id`, `user_id`, `post_id`, `quantity`, `created_at`) VALUES ('26', '12', '89', 978374, '1993-11-29 08:28:30');
INSERT INTO `posts_likes` (`id`, `user_id`, `post_id`, `quantity`, `created_at`) VALUES ('27', '39', '60', 523647, '1975-07-20 13:42:17');
INSERT INTO `posts_likes` (`id`, `user_id`, `post_id`, `quantity`, `created_at`) VALUES ('28', '1', '84', 8, '1974-12-06 03:20:33');
INSERT INTO `posts_likes` (`id`, `user_id`, `post_id`, `quantity`, `created_at`) VALUES ('29', '29', '53', 7003120, '2019-11-06 07:25:11');
INSERT INTO `posts_likes` (`id`, `user_id`, `post_id`, `quantity`, `created_at`) VALUES ('30', '36', '13', 27870, '2000-09-28 22:08:38');
INSERT INTO `posts_likes` (`id`, `user_id`, `post_id`, `quantity`, `created_at`) VALUES ('31', '13', '58', 91270, '2005-12-30 23:23:25');
INSERT INTO `posts_likes` (`id`, `user_id`, `post_id`, `quantity`, `created_at`) VALUES ('32', '35', '62', 744612, '1980-12-25 19:26:38');
INSERT INTO `posts_likes` (`id`, `user_id`, `post_id`, `quantity`, `created_at`) VALUES ('33', '49', '40', 190, '1986-10-18 17:40:46');
INSERT INTO `posts_likes` (`id`, `user_id`, `post_id`, `quantity`, `created_at`) VALUES ('34', '49', '96', 317498770, '1971-01-21 01:47:47');
INSERT INTO `posts_likes` (`id`, `user_id`, `post_id`, `quantity`, `created_at`) VALUES ('35', '50', '94', 4266, '1994-08-12 18:54:43');
INSERT INTO `posts_likes` (`id`, `user_id`, `post_id`, `quantity`, `created_at`) VALUES ('36', '56', '65', 7, '2020-04-23 20:42:35');
INSERT INTO `posts_likes` (`id`, `user_id`, `post_id`, `quantity`, `created_at`) VALUES ('37', '98', '26', 5981, '1978-01-11 16:47:16');
INSERT INTO `posts_likes` (`id`, `user_id`, `post_id`, `quantity`, `created_at`) VALUES ('38', '29', '36', 24783472, '2008-07-19 06:23:49');
INSERT INTO `posts_likes` (`id`, `user_id`, `post_id`, `quantity`, `created_at`) VALUES ('39', '74', '93', 718, '1976-07-03 00:05:07');
INSERT INTO `posts_likes` (`id`, `user_id`, `post_id`, `quantity`, `created_at`) VALUES ('40', '45', '51', 82417, '2009-11-04 12:05:41');
INSERT INTO `posts_likes` (`id`, `user_id`, `post_id`, `quantity`, `created_at`) VALUES ('41', '57', '56', 8172, '1976-09-04 18:01:24');
INSERT INTO `posts_likes` (`id`, `user_id`, `post_id`, `quantity`, `created_at`) VALUES ('42', '40', '95', 0, '2008-11-02 08:53:43');
INSERT INTO `posts_likes` (`id`, `user_id`, `post_id`, `quantity`, `created_at`) VALUES ('43', '15', '41', 61, '1995-10-16 21:39:00');
INSERT INTO `posts_likes` (`id`, `user_id`, `post_id`, `quantity`, `created_at`) VALUES ('44', '79', '43', 726934920, '2002-08-12 17:49:34');
INSERT INTO `posts_likes` (`id`, `user_id`, `post_id`, `quantity`, `created_at`) VALUES ('45', '93', '14', 37899, '2000-01-04 12:50:53');
INSERT INTO `posts_likes` (`id`, `user_id`, `post_id`, `quantity`, `created_at`) VALUES ('46', '56', '6', 1074403, '2005-06-12 06:07:57');
INSERT INTO `posts_likes` (`id`, `user_id`, `post_id`, `quantity`, `created_at`) VALUES ('47', '72', '90', 42, '2009-11-13 05:49:40');
INSERT INTO `posts_likes` (`id`, `user_id`, `post_id`, `quantity`, `created_at`) VALUES ('48', '67', '21', 74, '2014-02-11 07:33:44');
INSERT INTO `posts_likes` (`id`, `user_id`, `post_id`, `quantity`, `created_at`) VALUES ('49', '29', '16', 4, '1994-08-20 15:39:21');
INSERT INTO `posts_likes` (`id`, `user_id`, `post_id`, `quantity`, `created_at`) VALUES ('50', '17', '79', 3, '1991-05-17 20:06:54');
INSERT INTO `posts_likes` (`id`, `user_id`, `post_id`, `quantity`, `created_at`) VALUES ('51', '10', '72', 140331, '1977-07-20 09:58:48');
INSERT INTO `posts_likes` (`id`, `user_id`, `post_id`, `quantity`, `created_at`) VALUES ('52', '43', '7', 8676, '2010-11-17 07:29:45');
INSERT INTO `posts_likes` (`id`, `user_id`, `post_id`, `quantity`, `created_at`) VALUES ('53', '97', '71', 0, '2016-08-28 06:28:02');
INSERT INTO `posts_likes` (`id`, `user_id`, `post_id`, `quantity`, `created_at`) VALUES ('54', '43', '70', 248, '1986-07-26 05:33:07');
INSERT INTO `posts_likes` (`id`, `user_id`, `post_id`, `quantity`, `created_at`) VALUES ('55', '64', '87', 31725, '1975-09-25 14:12:11');
INSERT INTO `posts_likes` (`id`, `user_id`, `post_id`, `quantity`, `created_at`) VALUES ('56', '21', '20', 3420, '2014-03-13 17:27:07');
INSERT INTO `posts_likes` (`id`, `user_id`, `post_id`, `quantity`, `created_at`) VALUES ('57', '43', '60', 47458, '1991-01-26 20:55:08');
INSERT INTO `posts_likes` (`id`, `user_id`, `post_id`, `quantity`, `created_at`) VALUES ('58', '14', '57', 346, '1975-03-17 13:47:17');
INSERT INTO `posts_likes` (`id`, `user_id`, `post_id`, `quantity`, `created_at`) VALUES ('59', '100', '93', 33264, '1970-09-01 07:18:35');
INSERT INTO `posts_likes` (`id`, `user_id`, `post_id`, `quantity`, `created_at`) VALUES ('60', '100', '93', 0, '1971-04-13 23:48:03');
INSERT INTO `posts_likes` (`id`, `user_id`, `post_id`, `quantity`, `created_at`) VALUES ('61', '7', '55', 480, '1978-08-06 12:10:53');
INSERT INTO `posts_likes` (`id`, `user_id`, `post_id`, `quantity`, `created_at`) VALUES ('62', '98', '78', 2856986, '1970-11-18 04:24:24');
INSERT INTO `posts_likes` (`id`, `user_id`, `post_id`, `quantity`, `created_at`) VALUES ('63', '45', '65', 5533, '2018-07-23 09:49:01');
INSERT INTO `posts_likes` (`id`, `user_id`, `post_id`, `quantity`, `created_at`) VALUES ('64', '99', '74', 4037742, '2018-05-16 01:09:09');
INSERT INTO `posts_likes` (`id`, `user_id`, `post_id`, `quantity`, `created_at`) VALUES ('65', '80', '15', 0, '2006-10-14 17:53:36');
INSERT INTO `posts_likes` (`id`, `user_id`, `post_id`, `quantity`, `created_at`) VALUES ('66', '52', '89', 30603, '1976-12-24 12:10:01');
INSERT INTO `posts_likes` (`id`, `user_id`, `post_id`, `quantity`, `created_at`) VALUES ('67', '87', '94', 6, '2018-10-24 00:30:49');
INSERT INTO `posts_likes` (`id`, `user_id`, `post_id`, `quantity`, `created_at`) VALUES ('68', '96', '84', 23473, '2012-08-05 17:21:35');
INSERT INTO `posts_likes` (`id`, `user_id`, `post_id`, `quantity`, `created_at`) VALUES ('69', '65', '38', 2193, '1992-04-16 03:28:26');
INSERT INTO `posts_likes` (`id`, `user_id`, `post_id`, `quantity`, `created_at`) VALUES ('70', '53', '28', 68980, '1999-05-24 12:40:26');
INSERT INTO `posts_likes` (`id`, `user_id`, `post_id`, `quantity`, `created_at`) VALUES ('71', '25', '74', 99318619, '2002-09-28 01:14:00');
INSERT INTO `posts_likes` (`id`, `user_id`, `post_id`, `quantity`, `created_at`) VALUES ('72', '48', '67', 696583869, '2000-03-10 22:17:19');
INSERT INTO `posts_likes` (`id`, `user_id`, `post_id`, `quantity`, `created_at`) VALUES ('73', '33', '62', 44552483, '2008-01-10 16:17:47');
INSERT INTO `posts_likes` (`id`, `user_id`, `post_id`, `quantity`, `created_at`) VALUES ('74', '24', '33', 0, '1973-04-25 04:43:42');
INSERT INTO `posts_likes` (`id`, `user_id`, `post_id`, `quantity`, `created_at`) VALUES ('75', '54', '24', 4098, '1986-07-27 04:52:53');
INSERT INTO `posts_likes` (`id`, `user_id`, `post_id`, `quantity`, `created_at`) VALUES ('76', '26', '60', 0, '1987-09-04 13:23:20');
INSERT INTO `posts_likes` (`id`, `user_id`, `post_id`, `quantity`, `created_at`) VALUES ('77', '79', '23', 804916393, '1975-04-17 03:55:30');
INSERT INTO `posts_likes` (`id`, `user_id`, `post_id`, `quantity`, `created_at`) VALUES ('78', '38', '23', 340928509, '2010-01-21 22:59:21');
INSERT INTO `posts_likes` (`id`, `user_id`, `post_id`, `quantity`, `created_at`) VALUES ('79', '87', '36', 87, '1976-07-21 13:21:45');
INSERT INTO `posts_likes` (`id`, `user_id`, `post_id`, `quantity`, `created_at`) VALUES ('80', '96', '66', 2812497, '1999-03-10 00:46:06');
INSERT INTO `posts_likes` (`id`, `user_id`, `post_id`, `quantity`, `created_at`) VALUES ('81', '51', '47', 59542821, '1979-09-08 19:00:57');
INSERT INTO `posts_likes` (`id`, `user_id`, `post_id`, `quantity`, `created_at`) VALUES ('82', '55', '37', 30938815, '1993-07-23 06:10:46');
INSERT INTO `posts_likes` (`id`, `user_id`, `post_id`, `quantity`, `created_at`) VALUES ('83', '41', '50', 62079, '1979-11-08 15:15:20');
INSERT INTO `posts_likes` (`id`, `user_id`, `post_id`, `quantity`, `created_at`) VALUES ('84', '20', '5', 8, '1981-09-07 16:46:30');
INSERT INTO `posts_likes` (`id`, `user_id`, `post_id`, `quantity`, `created_at`) VALUES ('85', '88', '73', 2928123, '1988-10-20 23:48:56');
INSERT INTO `posts_likes` (`id`, `user_id`, `post_id`, `quantity`, `created_at`) VALUES ('86', '33', '13', 511, '2013-08-21 09:19:03');
INSERT INTO `posts_likes` (`id`, `user_id`, `post_id`, `quantity`, `created_at`) VALUES ('87', '46', '80', 2955, '2002-06-15 21:36:36');
INSERT INTO `posts_likes` (`id`, `user_id`, `post_id`, `quantity`, `created_at`) VALUES ('88', '80', '79', 541, '1977-02-10 16:18:14');
INSERT INTO `posts_likes` (`id`, `user_id`, `post_id`, `quantity`, `created_at`) VALUES ('89', '41', '3', 17297, '1989-08-07 16:20:35');
INSERT INTO `posts_likes` (`id`, `user_id`, `post_id`, `quantity`, `created_at`) VALUES ('90', '12', '94', 35408, '1998-05-03 08:45:34');
INSERT INTO `posts_likes` (`id`, `user_id`, `post_id`, `quantity`, `created_at`) VALUES ('91', '26', '37', 4763, '1973-03-01 14:26:13');
INSERT INTO `posts_likes` (`id`, `user_id`, `post_id`, `quantity`, `created_at`) VALUES ('92', '53', '5', 542043118, '1982-05-05 18:23:35');
INSERT INTO `posts_likes` (`id`, `user_id`, `post_id`, `quantity`, `created_at`) VALUES ('93', '60', '91', 5379, '2013-04-14 10:08:17');
INSERT INTO `posts_likes` (`id`, `user_id`, `post_id`, `quantity`, `created_at`) VALUES ('94', '27', '46', 0, '2004-12-18 18:34:00');
INSERT INTO `posts_likes` (`id`, `user_id`, `post_id`, `quantity`, `created_at`) VALUES ('95', '26', '23', 67186767, '1973-09-08 06:55:12');
INSERT INTO `posts_likes` (`id`, `user_id`, `post_id`, `quantity`, `created_at`) VALUES ('96', '12', '77', 30227, '2005-01-14 21:02:53');
INSERT INTO `posts_likes` (`id`, `user_id`, `post_id`, `quantity`, `created_at`) VALUES ('97', '69', '66', 3, '2011-12-31 16:44:57');
INSERT INTO `posts_likes` (`id`, `user_id`, `post_id`, `quantity`, `created_at`) VALUES ('98', '14', '10', 5, '1994-09-28 17:56:49');
INSERT INTO `posts_likes` (`id`, `user_id`, `post_id`, `quantity`, `created_at`) VALUES ('99', '15', '34', 0, '2008-01-02 01:15:35');
INSERT INTO `posts_likes` (`id`, `user_id`, `post_id`, `quantity`, `created_at`) VALUES ('100', '14', '3', 99502573, '2006-04-24 21:04:22');


#
# TABLE STRUCTURE FOR: settings
#

DROP TABLE IF EXISTS `settings`;

CREATE TABLE `settings` (
  `user_id` bigint(20) unsigned NOT NULL AUTO_INCREMENT,
  `can_see` enum('all','friends_of_friends','friends','nobody') COLLATE utf8_unicode_ci DEFAULT NULL,
  `can_comment` enum('all','friends_of_friends','friends','nobody') COLLATE utf8_unicode_ci DEFAULT NULL,
  `can_message` enum('all','friends_of_friends','friends','nobody') COLLATE utf8_unicode_ci DEFAULT NULL,
  PRIMARY KEY (`user_id`),
  CONSTRAINT `settings_ibfk_1` FOREIGN KEY (`user_id`) REFERENCES `users` (`id`)
) ENGINE=InnoDB AUTO_INCREMENT=101 DEFAULT CHARSET=utf8 COLLATE=utf8_unicode_ci;

INSERT INTO `settings` (`user_id`, `can_see`, `can_comment`, `can_message`) VALUES ('1', 'nobody', 'friends_of_friends', 'all');
INSERT INTO `settings` (`user_id`, `can_see`, `can_comment`, `can_message`) VALUES ('2', 'all', 'friends_of_friends', 'nobody');
INSERT INTO `settings` (`user_id`, `can_see`, `can_comment`, `can_message`) VALUES ('3', 'all', 'all', 'friends_of_friends');
INSERT INTO `settings` (`user_id`, `can_see`, `can_comment`, `can_message`) VALUES ('4', 'all', 'all', 'friends_of_friends');
INSERT INTO `settings` (`user_id`, `can_see`, `can_comment`, `can_message`) VALUES ('5', 'nobody', 'nobody', 'friends_of_friends');
INSERT INTO `settings` (`user_id`, `can_see`, `can_comment`, `can_message`) VALUES ('6', 'nobody', 'nobody', 'nobody');
INSERT INTO `settings` (`user_id`, `can_see`, `can_comment`, `can_message`) VALUES ('7', 'all', 'friends', 'friends');
INSERT INTO `settings` (`user_id`, `can_see`, `can_comment`, `can_message`) VALUES ('8', 'friends', 'all', 'friends');
INSERT INTO `settings` (`user_id`, `can_see`, `can_comment`, `can_message`) VALUES ('9', 'friends_of_friends', 'friends_of_friends', 'friends_of_friends');
INSERT INTO `settings` (`user_id`, `can_see`, `can_comment`, `can_message`) VALUES ('10', 'friends_of_friends', 'nobody', 'friends_of_friends');
INSERT INTO `settings` (`user_id`, `can_see`, `can_comment`, `can_message`) VALUES ('11', 'all', 'all', 'friends_of_friends');
INSERT INTO `settings` (`user_id`, `can_see`, `can_comment`, `can_message`) VALUES ('12', 'all', 'friends', 'nobody');
INSERT INTO `settings` (`user_id`, `can_see`, `can_comment`, `can_message`) VALUES ('13', 'all', 'friends_of_friends', 'friends_of_friends');
INSERT INTO `settings` (`user_id`, `can_see`, `can_comment`, `can_message`) VALUES ('14', 'friends', 'nobody', 'nobody');
INSERT INTO `settings` (`user_id`, `can_see`, `can_comment`, `can_message`) VALUES ('15', 'friends_of_friends', 'nobody', 'nobody');
INSERT INTO `settings` (`user_id`, `can_see`, `can_comment`, `can_message`) VALUES ('16', 'all', 'friends', 'friends_of_friends');
INSERT INTO `settings` (`user_id`, `can_see`, `can_comment`, `can_message`) VALUES ('17', 'nobody', 'nobody', 'all');
INSERT INTO `settings` (`user_id`, `can_see`, `can_comment`, `can_message`) VALUES ('18', 'friends', 'friends_of_friends', 'all');
INSERT INTO `settings` (`user_id`, `can_see`, `can_comment`, `can_message`) VALUES ('19', 'friends', 'friends_of_friends', 'all');
INSERT INTO `settings` (`user_id`, `can_see`, `can_comment`, `can_message`) VALUES ('20', 'nobody', 'all', 'all');
INSERT INTO `settings` (`user_id`, `can_see`, `can_comment`, `can_message`) VALUES ('21', 'nobody', 'all', 'all');
INSERT INTO `settings` (`user_id`, `can_see`, `can_comment`, `can_message`) VALUES ('22', 'friends', 'friends', 'all');
INSERT INTO `settings` (`user_id`, `can_see`, `can_comment`, `can_message`) VALUES ('23', 'all', 'friends', 'all');
INSERT INTO `settings` (`user_id`, `can_see`, `can_comment`, `can_message`) VALUES ('24', 'friends_of_friends', 'friends_of_friends', 'all');
INSERT INTO `settings` (`user_id`, `can_see`, `can_comment`, `can_message`) VALUES ('25', 'friends', 'nobody', 'nobody');
INSERT INTO `settings` (`user_id`, `can_see`, `can_comment`, `can_message`) VALUES ('26', 'friends', 'all', 'nobody');
INSERT INTO `settings` (`user_id`, `can_see`, `can_comment`, `can_message`) VALUES ('27', 'nobody', 'nobody', 'all');
INSERT INTO `settings` (`user_id`, `can_see`, `can_comment`, `can_message`) VALUES ('28', 'friends', 'friends', 'friends');
INSERT INTO `settings` (`user_id`, `can_see`, `can_comment`, `can_message`) VALUES ('29', 'all', 'friends', 'friends_of_friends');
INSERT INTO `settings` (`user_id`, `can_see`, `can_comment`, `can_message`) VALUES ('30', 'friends', 'nobody', 'nobody');
INSERT INTO `settings` (`user_id`, `can_see`, `can_comment`, `can_message`) VALUES ('31', 'nobody', 'nobody', 'friends_of_friends');
INSERT INTO `settings` (`user_id`, `can_see`, `can_comment`, `can_message`) VALUES ('32', 'nobody', 'friends', 'all');
INSERT INTO `settings` (`user_id`, `can_see`, `can_comment`, `can_message`) VALUES ('33', 'all', 'friends_of_friends', 'friends');
INSERT INTO `settings` (`user_id`, `can_see`, `can_comment`, `can_message`) VALUES ('34', 'all', 'friends_of_friends', 'friends');
INSERT INTO `settings` (`user_id`, `can_see`, `can_comment`, `can_message`) VALUES ('35', 'friends', 'nobody', 'friends_of_friends');
INSERT INTO `settings` (`user_id`, `can_see`, `can_comment`, `can_message`) VALUES ('36', 'nobody', 'nobody', 'friends');
INSERT INTO `settings` (`user_id`, `can_see`, `can_comment`, `can_message`) VALUES ('37', 'friends_of_friends', 'friends_of_friends', 'friends_of_friends');
INSERT INTO `settings` (`user_id`, `can_see`, `can_comment`, `can_message`) VALUES ('38', 'nobody', 'friends', 'friends_of_friends');
INSERT INTO `settings` (`user_id`, `can_see`, `can_comment`, `can_message`) VALUES ('39', 'all', 'friends', 'friends_of_friends');
INSERT INTO `settings` (`user_id`, `can_see`, `can_comment`, `can_message`) VALUES ('40', 'all', 'friends_of_friends', 'all');
INSERT INTO `settings` (`user_id`, `can_see`, `can_comment`, `can_message`) VALUES ('41', 'friends', 'all', 'nobody');
INSERT INTO `settings` (`user_id`, `can_see`, `can_comment`, `can_message`) VALUES ('42', 'all', 'friends', 'friends_of_friends');
INSERT INTO `settings` (`user_id`, `can_see`, `can_comment`, `can_message`) VALUES ('43', 'friends_of_friends', 'nobody', 'friends_of_friends');
INSERT INTO `settings` (`user_id`, `can_see`, `can_comment`, `can_message`) VALUES ('44', 'nobody', 'nobody', 'friends_of_friends');
INSERT INTO `settings` (`user_id`, `can_see`, `can_comment`, `can_message`) VALUES ('45', 'all', 'nobody', 'friends');
INSERT INTO `settings` (`user_id`, `can_see`, `can_comment`, `can_message`) VALUES ('46', 'nobody', 'friends_of_friends', 'friends');
INSERT INTO `settings` (`user_id`, `can_see`, `can_comment`, `can_message`) VALUES ('47', 'all', 'friends', 'friends_of_friends');
INSERT INTO `settings` (`user_id`, `can_see`, `can_comment`, `can_message`) VALUES ('48', 'nobody', 'friends', 'nobody');
INSERT INTO `settings` (`user_id`, `can_see`, `can_comment`, `can_message`) VALUES ('49', 'all', 'nobody', 'friends');
INSERT INTO `settings` (`user_id`, `can_see`, `can_comment`, `can_message`) VALUES ('50', 'friends_of_friends', 'nobody', 'friends');
INSERT INTO `settings` (`user_id`, `can_see`, `can_comment`, `can_message`) VALUES ('51', 'friends', 'nobody', 'friends_of_friends');
INSERT INTO `settings` (`user_id`, `can_see`, `can_comment`, `can_message`) VALUES ('52', 'friends', 'nobody', 'friends_of_friends');
INSERT INTO `settings` (`user_id`, `can_see`, `can_comment`, `can_message`) VALUES ('53', 'friends', 'all', 'friends');
INSERT INTO `settings` (`user_id`, `can_see`, `can_comment`, `can_message`) VALUES ('54', 'all', 'friends', 'friends_of_friends');
INSERT INTO `settings` (`user_id`, `can_see`, `can_comment`, `can_message`) VALUES ('55', 'all', 'friends_of_friends', 'friends');
INSERT INTO `settings` (`user_id`, `can_see`, `can_comment`, `can_message`) VALUES ('56', 'nobody', 'friends', 'all');
INSERT INTO `settings` (`user_id`, `can_see`, `can_comment`, `can_message`) VALUES ('57', 'nobody', 'all', 'all');
INSERT INTO `settings` (`user_id`, `can_see`, `can_comment`, `can_message`) VALUES ('58', 'nobody', 'friends', 'friends_of_friends');
INSERT INTO `settings` (`user_id`, `can_see`, `can_comment`, `can_message`) VALUES ('59', 'nobody', 'all', 'friends_of_friends');
INSERT INTO `settings` (`user_id`, `can_see`, `can_comment`, `can_message`) VALUES ('60', 'all', 'nobody', 'friends');
INSERT INTO `settings` (`user_id`, `can_see`, `can_comment`, `can_message`) VALUES ('61', 'all', 'friends', 'friends_of_friends');
INSERT INTO `settings` (`user_id`, `can_see`, `can_comment`, `can_message`) VALUES ('62', 'friends', 'nobody', 'nobody');
INSERT INTO `settings` (`user_id`, `can_see`, `can_comment`, `can_message`) VALUES ('63', 'nobody', 'friends', 'all');
INSERT INTO `settings` (`user_id`, `can_see`, `can_comment`, `can_message`) VALUES ('64', 'nobody', 'friends', 'friends');
INSERT INTO `settings` (`user_id`, `can_see`, `can_comment`, `can_message`) VALUES ('65', 'all', 'friends_of_friends', 'all');
INSERT INTO `settings` (`user_id`, `can_see`, `can_comment`, `can_message`) VALUES ('66', 'all', 'all', 'all');
INSERT INTO `settings` (`user_id`, `can_see`, `can_comment`, `can_message`) VALUES ('67', 'all', 'all', 'all');
INSERT INTO `settings` (`user_id`, `can_see`, `can_comment`, `can_message`) VALUES ('68', 'friends_of_friends', 'all', 'friends_of_friends');
INSERT INTO `settings` (`user_id`, `can_see`, `can_comment`, `can_message`) VALUES ('69', 'nobody', 'friends_of_friends', 'friends');
INSERT INTO `settings` (`user_id`, `can_see`, `can_comment`, `can_message`) VALUES ('70', 'friends', 'nobody', 'friends');
INSERT INTO `settings` (`user_id`, `can_see`, `can_comment`, `can_message`) VALUES ('71', 'nobody', 'friends', 'all');
INSERT INTO `settings` (`user_id`, `can_see`, `can_comment`, `can_message`) VALUES ('72', 'friends', 'friends', 'friends');
INSERT INTO `settings` (`user_id`, `can_see`, `can_comment`, `can_message`) VALUES ('73', 'nobody', 'friends_of_friends', 'all');
INSERT INTO `settings` (`user_id`, `can_see`, `can_comment`, `can_message`) VALUES ('74', 'friends_of_friends', 'friends', 'friends_of_friends');
INSERT INTO `settings` (`user_id`, `can_see`, `can_comment`, `can_message`) VALUES ('75', 'friends', 'nobody', 'friends_of_friends');
INSERT INTO `settings` (`user_id`, `can_see`, `can_comment`, `can_message`) VALUES ('76', 'nobody', 'nobody', 'friends');
INSERT INTO `settings` (`user_id`, `can_see`, `can_comment`, `can_message`) VALUES ('77', 'friends', 'friends', 'friends_of_friends');
INSERT INTO `settings` (`user_id`, `can_see`, `can_comment`, `can_message`) VALUES ('78', 'friends_of_friends', 'all', 'friends');
INSERT INTO `settings` (`user_id`, `can_see`, `can_comment`, `can_message`) VALUES ('79', 'nobody', 'nobody', 'all');
INSERT INTO `settings` (`user_id`, `can_see`, `can_comment`, `can_message`) VALUES ('80', 'friends_of_friends', 'friends_of_friends', 'all');
INSERT INTO `settings` (`user_id`, `can_see`, `can_comment`, `can_message`) VALUES ('81', 'friends_of_friends', 'friends_of_friends', 'nobody');
INSERT INTO `settings` (`user_id`, `can_see`, `can_comment`, `can_message`) VALUES ('82', 'all', 'all', 'nobody');
INSERT INTO `settings` (`user_id`, `can_see`, `can_comment`, `can_message`) VALUES ('83', 'all', 'friends_of_friends', 'friends');
INSERT INTO `settings` (`user_id`, `can_see`, `can_comment`, `can_message`) VALUES ('84', 'friends', 'nobody', 'nobody');
INSERT INTO `settings` (`user_id`, `can_see`, `can_comment`, `can_message`) VALUES ('85', 'friends', 'all', 'nobody');
INSERT INTO `settings` (`user_id`, `can_see`, `can_comment`, `can_message`) VALUES ('86', 'nobody', 'friends', 'friends');
INSERT INTO `settings` (`user_id`, `can_see`, `can_comment`, `can_message`) VALUES ('87', 'all', 'friends', 'friends');
INSERT INTO `settings` (`user_id`, `can_see`, `can_comment`, `can_message`) VALUES ('88', 'all', 'friends_of_friends', 'friends');
INSERT INTO `settings` (`user_id`, `can_see`, `can_comment`, `can_message`) VALUES ('89', 'friends', 'all', 'nobody');
INSERT INTO `settings` (`user_id`, `can_see`, `can_comment`, `can_message`) VALUES ('90', 'friends', 'friends_of_friends', 'nobody');
INSERT INTO `settings` (`user_id`, `can_see`, `can_comment`, `can_message`) VALUES ('91', 'nobody', 'friends', 'nobody');
INSERT INTO `settings` (`user_id`, `can_see`, `can_comment`, `can_message`) VALUES ('92', 'nobody', 'friends_of_friends', 'friends_of_friends');
INSERT INTO `settings` (`user_id`, `can_see`, `can_comment`, `can_message`) VALUES ('93', 'all', 'friends', 'all');
INSERT INTO `settings` (`user_id`, `can_see`, `can_comment`, `can_message`) VALUES ('94', 'friends', 'friends_of_friends', 'friends');
INSERT INTO `settings` (`user_id`, `can_see`, `can_comment`, `can_message`) VALUES ('95', 'nobody', 'friends', 'friends');
INSERT INTO `settings` (`user_id`, `can_see`, `can_comment`, `can_message`) VALUES ('96', 'nobody', 'all', 'nobody');
INSERT INTO `settings` (`user_id`, `can_see`, `can_comment`, `can_message`) VALUES ('97', 'friends_of_friends', 'friends_of_friends', 'friends_of_friends');
INSERT INTO `settings` (`user_id`, `can_see`, `can_comment`, `can_message`) VALUES ('98', 'all', 'friends_of_friends', 'nobody');
INSERT INTO `settings` (`user_id`, `can_see`, `can_comment`, `can_message`) VALUES ('99', 'friends_of_friends', 'friends_of_friends', 'nobody');
INSERT INTO `settings` (`user_id`, `can_see`, `can_comment`, `can_message`) VALUES ('100', 'friends', 'friends_of_friends', 'friends');


#
# TABLE STRUCTURE FOR: users
#

DROP TABLE IF EXISTS `users`;

CREATE TABLE `users` (
  `id` bigint(20) unsigned NOT NULL AUTO_INCREMENT,
  `firstname` varchar(50) COLLATE utf8_unicode_ci DEFAULT NULL,
  `lastname` varchar(50) COLLATE utf8_unicode_ci DEFAULT NULL COMMENT ' ',
  `email` varchar(120) COLLATE utf8_unicode_ci DEFAULT NULL,
  `phone` varchar(20) COLLATE utf8_unicode_ci DEFAULT NULL,
  `birthday` date DEFAULT NULL,
  `hometown` varchar(100) COLLATE utf8_unicode_ci DEFAULT NULL,
  `gender` char(1) COLLATE utf8_unicode_ci DEFAULT NULL,
  `photo_id` bigint(20) unsigned DEFAULT NULL,
  `created_at` datetime DEFAULT current_timestamp(),
  `pass` char(30) COLLATE utf8_unicode_ci DEFAULT NULL,
  PRIMARY KEY (`id`),
  UNIQUE KEY `email` (`email`),
  UNIQUE KEY `phone` (`phone`),
  KEY `phone_2` (`phone`),
  KEY `users_firstname_lastname_idx` (`firstname`,`lastname`)
) ENGINE=InnoDB AUTO_INCREMENT=101 DEFAULT CHARSET=utf8 COLLATE=utf8_unicode_ci;

INSERT INTO `users` (`id`, `firstname`, `lastname`, `email`, `phone`, `birthday`, `hometown`, `gender`, `photo_id`, `created_at`, `pass`) VALUES ('1', 'Gage', 'Koss', 'lance56@example.org', '1-650-822-3599x52172', '1972-06-07', 'et', '', '8', '2007-08-14 20:22:16', '8e7bae18e59a68c94cf80ef5847920');
INSERT INTO `users` (`id`, `firstname`, `lastname`, `email`, `phone`, `birthday`, `hometown`, `gender`, `photo_id`, `created_at`, `pass`) VALUES ('2', 'Lindsay', 'Nader', 'elmore98@example.com', '(366)864-7736x0221', '1986-01-21', 'dolorem', '', '5', '1973-08-08 14:22:10', '4faf76ee159e6bfd19f5890f635971');
INSERT INTO `users` (`id`, `firstname`, `lastname`, `email`, `phone`, `birthday`, `hometown`, `gender`, `photo_id`, `created_at`, `pass`) VALUES ('3', 'Karina', 'Pagac', 'susanna.rosenbaum@example.net', '1-999-460-3158', '2010-06-22', 'est', '', '0', '1982-10-06 06:21:59', '3f57782f9c4218cbfe5a3207ff7ecd');
INSERT INTO `users` (`id`, `firstname`, `lastname`, `email`, `phone`, `birthday`, `hometown`, `gender`, `photo_id`, `created_at`, `pass`) VALUES ('4', 'Jeremy', 'Gorczany', 'gmoore@example.org', '669.018.1980x384', '2012-10-20', 'voluptas', '', '2', '2016-01-12 04:32:21', '1e1f785daf26668dff7a2753185ab5');
INSERT INTO `users` (`id`, `firstname`, `lastname`, `email`, `phone`, `birthday`, `hometown`, `gender`, `photo_id`, `created_at`, `pass`) VALUES ('5', 'Travon', 'Ratke', 'andreanne.larson@example.net', '041.315.8840', '1990-11-03', 'ratione', '', '1', '1978-02-24 20:54:40', '867376ac744ec507ac28fcb90f208b');
INSERT INTO `users` (`id`, `firstname`, `lastname`, `email`, `phone`, `birthday`, `hometown`, `gender`, `photo_id`, `created_at`, `pass`) VALUES ('6', 'Tess', 'Koelpin', 'fidel29@example.org', '1-466-367-8867x68348', '1979-08-31', 'laudantium', 'm', '2', '1993-03-20 19:32:46', '712afd92cc5d21290b44c4d8ab8dbd');
INSERT INTO `users` (`id`, `firstname`, `lastname`, `email`, `phone`, `birthday`, `hometown`, `gender`, `photo_id`, `created_at`, `pass`) VALUES ('7', 'Maribel', 'Becker', 'kgreen@example.net', '1-531-267-2752', '1983-02-28', 'omnis', 'f', '1', '1988-08-11 14:09:49', '15862bf61a6ff860e06302f6213a47');
INSERT INTO `users` (`id`, `firstname`, `lastname`, `email`, `phone`, `birthday`, `hometown`, `gender`, `photo_id`, `created_at`, `pass`) VALUES ('8', 'Krystal', 'Larson', 'grady.jackson@example.org', '472.204.1174x82787', '2014-02-08', 'facere', 'f', '7', '2015-01-19 06:48:47', 'ccaf4501686c0098c2f15f418601c5');
INSERT INTO `users` (`id`, `firstname`, `lastname`, `email`, `phone`, `birthday`, `hometown`, `gender`, `photo_id`, `created_at`, `pass`) VALUES ('9', 'Loma', 'Senger', 'pdaugherty@example.org', '+50(2)5058380879', '1985-05-18', 'facere', '', '3', '1980-08-24 05:27:34', '9f69687e91991fb7bc4e1fbee0e4d2');
INSERT INTO `users` (`id`, `firstname`, `lastname`, `email`, `phone`, `birthday`, `hometown`, `gender`, `photo_id`, `created_at`, `pass`) VALUES ('10', 'Martina', 'Ebert', 'sonya31@example.org', '369.006.2650', '2011-12-30', 'voluptatibus', 'm', '6', '1979-08-14 11:35:21', '4b5b2ec9f7264c05dec58177b89eb9');
INSERT INTO `users` (`id`, `firstname`, `lastname`, `email`, `phone`, `birthday`, `hometown`, `gender`, `photo_id`, `created_at`, `pass`) VALUES ('11', 'Barbara', 'Rogahn', 'lora90@example.com', '1-299-153-2437x745', '1999-08-11', 'porro', 'm', '6', '1991-02-23 05:58:38', '487d636332ad2de61b31b6f11170f3');
INSERT INTO `users` (`id`, `firstname`, `lastname`, `email`, `phone`, `birthday`, `hometown`, `gender`, `photo_id`, `created_at`, `pass`) VALUES ('12', 'Ayana', 'Gulgowski', 'wbrakus@example.org', '(406)369-2413x376', '1978-03-29', 'omnis', '', '8', '2002-09-13 15:56:19', 'de768bf35a8c9d001dd5c73c137c59');
INSERT INTO `users` (`id`, `firstname`, `lastname`, `email`, `phone`, `birthday`, `hometown`, `gender`, `photo_id`, `created_at`, `pass`) VALUES ('13', 'Rosendo', 'Berge', 'oconnelly@example.net', '707-074-3675', '2016-06-20', 'rerum', 'm', '6', '1986-01-28 05:52:18', 'ecfca62446131e7671a3537ba9c34b');
INSERT INTO `users` (`id`, `firstname`, `lastname`, `email`, `phone`, `birthday`, `hometown`, `gender`, `photo_id`, `created_at`, `pass`) VALUES ('14', 'Eliane', 'Emard', 'keven.wilderman@example.net', '580-878-2308x73017', '2007-12-27', 'corrupti', '', '5', '2005-06-25 13:17:15', 'ab28bd4a335591fd381860171e3c35');
INSERT INTO `users` (`id`, `firstname`, `lastname`, `email`, `phone`, `birthday`, `hometown`, `gender`, `photo_id`, `created_at`, `pass`) VALUES ('15', 'Hadley', 'Bauch', 'xcremin@example.net', '597.780.3395x4411', '1973-10-05', 'quo', 'f', '5', '1994-09-19 18:56:44', '2cfcf10d09ccaed0d1491477e732bd');
INSERT INTO `users` (`id`, `firstname`, `lastname`, `email`, `phone`, `birthday`, `hometown`, `gender`, `photo_id`, `created_at`, `pass`) VALUES ('16', 'Willow', 'Heathcote', 'qnader@example.org', '604.234.7520x674', '1973-05-10', 'assumenda', '', '4', '2019-11-08 10:57:19', '5403a41628ec6ad9f5db3275b51da2');
INSERT INTO `users` (`id`, `firstname`, `lastname`, `email`, `phone`, `birthday`, `hometown`, `gender`, `photo_id`, `created_at`, `pass`) VALUES ('17', 'Donato', 'Pagac', 'conroy.jane@example.net', '07271707130', '2014-01-20', 'voluptatibus', '', '2', '2000-02-09 19:02:24', 'e80c523f86a86188fd75a55f175c16');
INSERT INTO `users` (`id`, `firstname`, `lastname`, `email`, `phone`, `birthday`, `hometown`, `gender`, `photo_id`, `created_at`, `pass`) VALUES ('18', 'Ole', 'Doyle', 'cummerata.stewart@example.org', '634-819-9108x87088', '1970-11-13', 'eum', '', '2', '2009-06-14 17:29:29', '41620635b680ad884666a291936053');
INSERT INTO `users` (`id`, `firstname`, `lastname`, `email`, `phone`, `birthday`, `hometown`, `gender`, `photo_id`, `created_at`, `pass`) VALUES ('19', 'Roger', 'Grant', 'watsica.preston@example.org', '185-164-1352', '1995-08-26', 'laudantium', 'f', '4', '2005-03-20 09:50:07', 'c6fe68025e9db470b08a43ca3dd4ac');
INSERT INTO `users` (`id`, `firstname`, `lastname`, `email`, `phone`, `birthday`, `hometown`, `gender`, `photo_id`, `created_at`, `pass`) VALUES ('20', 'Rafaela', 'Hickle', 'vmarquardt@example.com', '895-063-6106x093', '2002-07-31', 'mollitia', 'm', '9', '2004-12-18 21:13:01', 'a7e54450fa1ad3d5fce4e666896b62');
INSERT INTO `users` (`id`, `firstname`, `lastname`, `email`, `phone`, `birthday`, `hometown`, `gender`, `photo_id`, `created_at`, `pass`) VALUES ('21', 'Estell', 'Simonis', 'dromaguera@example.org', '1-496-984-7128', '2005-12-28', 'quibusdam', '', '7', '1989-07-15 06:10:45', 'e0a2c41948d70d7c36cd49366ff13a');
INSERT INTO `users` (`id`, `firstname`, `lastname`, `email`, `phone`, `birthday`, `hometown`, `gender`, `photo_id`, `created_at`, `pass`) VALUES ('22', 'Morris', 'Willms', 'wcrooks@example.com', '775-305-3496', '2008-04-13', 'cumque', 'f', '2', '1997-05-26 19:20:38', '66b8954b265fd6282cce6c33ec88ad');
INSERT INTO `users` (`id`, `firstname`, `lastname`, `email`, `phone`, `birthday`, `hometown`, `gender`, `photo_id`, `created_at`, `pass`) VALUES ('23', 'Howard', 'Hyatt', 'hilpert.hilbert@example.net', '1-352-427-6863x28323', '1982-11-30', 'aut', '', '5', '2009-01-13 02:06:34', 'eb04b2b4848013f9bb014216725846');
INSERT INTO `users` (`id`, `firstname`, `lastname`, `email`, `phone`, `birthday`, `hometown`, `gender`, `photo_id`, `created_at`, `pass`) VALUES ('24', 'Lucious', 'Luettgen', 'ehintz@example.com', '(158)052-7118', '2004-04-12', 'ut', 'f', '7', '1989-08-14 22:53:44', '608ee2ca64c2132609922c84e41ceb');
INSERT INTO `users` (`id`, `firstname`, `lastname`, `email`, `phone`, `birthday`, `hometown`, `gender`, `photo_id`, `created_at`, `pass`) VALUES ('25', 'Kobe', 'West', 'jaleel.kirlin@example.org', '541.845.1540x5792', '1971-05-31', 'tenetur', 'm', '5', '1985-11-03 23:24:02', '005929820f326c39f994c10a92b80e');
INSERT INTO `users` (`id`, `firstname`, `lastname`, `email`, `phone`, `birthday`, `hometown`, `gender`, `photo_id`, `created_at`, `pass`) VALUES ('26', 'Cara', 'Turner', 'sasha.sanford@example.net', '1-032-054-0077x387', '1996-01-23', 'omnis', 'm', '9', '1992-12-23 21:09:15', 'a7a3d6e12f3034dcc4aa77c2d08729');
INSERT INTO `users` (`id`, `firstname`, `lastname`, `email`, `phone`, `birthday`, `hometown`, `gender`, `photo_id`, `created_at`, `pass`) VALUES ('27', 'Jarrell', 'Mertz', 'yrunolfsson@example.org', '757-243-6006x247', '1995-01-29', 'dolore', 'm', '2', '1997-05-06 12:35:25', 'a9aa2f7dc6ad83332dc1e2c07f6f27');
INSERT INTO `users` (`id`, `firstname`, `lastname`, `email`, `phone`, `birthday`, `hometown`, `gender`, `photo_id`, `created_at`, `pass`) VALUES ('28', 'Rachel', 'Price', 'harvey.ezequiel@example.org', '(447)538-4657', '1971-12-17', 'deleniti', 'm', '2', '1972-09-14 10:01:44', '44e1df488bee6af2d78c8fed2733bc');
INSERT INTO `users` (`id`, `firstname`, `lastname`, `email`, `phone`, `birthday`, `hometown`, `gender`, `photo_id`, `created_at`, `pass`) VALUES ('29', 'Deonte', 'Wiza', 'demond56@example.com', '1-125-470-8561', '2004-10-21', 'velit', '', '4', '1985-04-07 12:19:04', 'd0a526825c76838e404973c8de49cf');
INSERT INTO `users` (`id`, `firstname`, `lastname`, `email`, `phone`, `birthday`, `hometown`, `gender`, `photo_id`, `created_at`, `pass`) VALUES ('30', 'Lavern', 'Grimes', 'gregorio75@example.net', '696.606.6491x661', '2008-09-14', 'nesciunt', 'f', '0', '1986-06-16 04:43:49', 'db4c42cc80fee9eba8e16a2c767e27');
INSERT INTO `users` (`id`, `firstname`, `lastname`, `email`, `phone`, `birthday`, `hometown`, `gender`, `photo_id`, `created_at`, `pass`) VALUES ('31', 'Emmalee', 'Bartell', 'nedra06@example.com', '1-196-481-1546x027', '2016-02-03', 'eum', '', '9', '2011-03-17 14:22:06', 'b5bf84e6205eddde1527f5f22b8bb9');
INSERT INTO `users` (`id`, `firstname`, `lastname`, `email`, `phone`, `birthday`, `hometown`, `gender`, `photo_id`, `created_at`, `pass`) VALUES ('32', 'Monty', 'Tromp', 'annamarie.weber@example.net', '976-192-2661x77961', '2000-10-28', 'vel', '', '7', '1998-07-03 22:35:10', 'ecfaeee8ba43fad71336d23ce7bbcc');
INSERT INTO `users` (`id`, `firstname`, `lastname`, `email`, `phone`, `birthday`, `hometown`, `gender`, `photo_id`, `created_at`, `pass`) VALUES ('33', 'Keagan', 'Jast', 'larson.ettie@example.com', '00769492188', '1989-02-18', 'sed', '', '1', '2013-06-22 15:18:37', '5ec6eb440f949bf896108438060c09');
INSERT INTO `users` (`id`, `firstname`, `lastname`, `email`, `phone`, `birthday`, `hometown`, `gender`, `photo_id`, `created_at`, `pass`) VALUES ('34', 'Jamir', 'Bahringer', 'uklocko@example.com', '+09(6)8598995422', '2020-03-22', 'atque', 'm', '7', '2015-09-01 14:26:24', 'dd2ab029da855eb0932b220031ab77');
INSERT INTO `users` (`id`, `firstname`, `lastname`, `email`, `phone`, `birthday`, `hometown`, `gender`, `photo_id`, `created_at`, `pass`) VALUES ('35', 'Keenan', 'Wuckert', 'bill11@example.org', '581.615.9542', '2000-06-03', 'eum', 'f', '5', '1983-09-10 03:47:33', 'f7b6548ebaa1155d0ec6ad456ed1c2');
INSERT INTO `users` (`id`, `firstname`, `lastname`, `email`, `phone`, `birthday`, `hometown`, `gender`, `photo_id`, `created_at`, `pass`) VALUES ('36', 'Blair', 'Welch', 'tdietrich@example.org', '+02(8)6547796262', '1979-05-06', 'quos', 'f', '4', '2002-12-29 13:55:11', 'f62f763c92731019208b1b19a51677');
INSERT INTO `users` (`id`, `firstname`, `lastname`, `email`, `phone`, `birthday`, `hometown`, `gender`, `photo_id`, `created_at`, `pass`) VALUES ('37', 'Damien', 'Hammes', 'kjohnston@example.com', '669-878-2759x8739', '1998-04-26', 'est', 'f', '1', '2011-12-30 07:59:04', '1730dfa751de4cdf06a5b2f290f139');
INSERT INTO `users` (`id`, `firstname`, `lastname`, `email`, `phone`, `birthday`, `hometown`, `gender`, `photo_id`, `created_at`, `pass`) VALUES ('38', 'Oswald', 'Kuhn', 'queenie.stark@example.org', '(210)377-4183', '1982-01-07', 'sequi', 'm', '3', '2020-09-24 18:13:38', 'ec4fec50ed8de0f6e501adebb78701');
INSERT INTO `users` (`id`, `firstname`, `lastname`, `email`, `phone`, `birthday`, `hometown`, `gender`, `photo_id`, `created_at`, `pass`) VALUES ('39', 'Trisha', 'Connelly', 'kip71@example.net', '1-984-816-3131', '2016-03-18', 'alias', 'm', '9', '1991-06-29 14:13:01', '50b00da0aab9463155dc4382b24d37');
INSERT INTO `users` (`id`, `firstname`, `lastname`, `email`, `phone`, `birthday`, `hometown`, `gender`, `photo_id`, `created_at`, `pass`) VALUES ('40', 'Lance', 'Runolfsdottir', 'pmetz@example.com', '840.030.8048x5895', '1986-11-23', 'cumque', '', '0', '1975-10-20 07:21:30', '0bbf2f23544199c975b1b3ce4702bc');
INSERT INTO `users` (`id`, `firstname`, `lastname`, `email`, `phone`, `birthday`, `hometown`, `gender`, `photo_id`, `created_at`, `pass`) VALUES ('41', 'Alisa', 'Lubowitz', 'danyka49@example.org', '876-450-9477x21348', '1987-04-01', 'aut', '', '1', '2008-07-19 05:51:12', 'b59b0566a1bd93eb89378be8cf41ff');
INSERT INTO `users` (`id`, `firstname`, `lastname`, `email`, `phone`, `birthday`, `hometown`, `gender`, `photo_id`, `created_at`, `pass`) VALUES ('42', 'Lauretta', 'Osinski', 'wsteuber@example.net', '253-163-1720x4067', '2018-08-05', 'qui', '', '9', '1974-08-02 01:46:07', '22a2cd2cc40f31d7b0220731349995');
INSERT INTO `users` (`id`, `firstname`, `lastname`, `email`, `phone`, `birthday`, `hometown`, `gender`, `photo_id`, `created_at`, `pass`) VALUES ('43', 'Sheridan', 'Jacobi', 'merlin.rowe@example.com', '755.928.2553', '1990-12-21', 'officia', 'f', '1', '1998-05-24 02:34:18', '1c1762b42bfb756e8dd5b3237db791');
INSERT INTO `users` (`id`, `firstname`, `lastname`, `email`, `phone`, `birthday`, `hometown`, `gender`, `photo_id`, `created_at`, `pass`) VALUES ('44', 'Doris', 'Greenholt', 'herman.clarabelle@example.com', '996.698.3653x8031', '2016-10-22', 'pariatur', 'm', '1', '1978-05-11 05:45:41', '0b87b19855490ad688c4768be53717');
INSERT INTO `users` (`id`, `firstname`, `lastname`, `email`, `phone`, `birthday`, `hometown`, `gender`, `photo_id`, `created_at`, `pass`) VALUES ('45', 'Brain', 'Jenkins', 'joelle.smitham@example.com', '(804)129-9519x694', '2001-04-05', 'odit', '', '7', '1989-01-08 07:10:15', '02e7d79475bf0a1c58cfeef1c29238');
INSERT INTO `users` (`id`, `firstname`, `lastname`, `email`, `phone`, `birthday`, `hometown`, `gender`, `photo_id`, `created_at`, `pass`) VALUES ('46', 'Polly', 'Mertz', 'jan.cronin@example.net', '(394)566-1908', '1971-08-23', 'molestias', 'm', '8', '2009-01-03 12:05:50', '2a39b6ed85ec6c3678a2a199c4c065');
INSERT INTO `users` (`id`, `firstname`, `lastname`, `email`, `phone`, `birthday`, `hometown`, `gender`, `photo_id`, `created_at`, `pass`) VALUES ('47', 'German', 'Cronin', 'leannon.della@example.com', '(507)865-7247x419', '1988-02-02', 'maxime', '', '0', '1991-05-15 20:50:04', 'b601e5431f6e5a9ab7ec58d95390e5');
INSERT INTO `users` (`id`, `firstname`, `lastname`, `email`, `phone`, `birthday`, `hometown`, `gender`, `photo_id`, `created_at`, `pass`) VALUES ('48', 'Rafael', 'Hartmann', 'kiara44@example.net', '1-959-894-4596x9987', '1995-02-07', 'quisquam', 'f', '6', '1978-10-02 20:43:15', 'eed72681c957cfbbdde42e6e770308');
INSERT INTO `users` (`id`, `firstname`, `lastname`, `email`, `phone`, `birthday`, `hometown`, `gender`, `photo_id`, `created_at`, `pass`) VALUES ('49', 'Ashly', 'Durgan', 'istamm@example.org', '1-979-351-2884x7424', '2000-08-14', 'autem', 'f', '2', '1986-12-15 15:36:26', 'b7ceaccdc24574c91f915928a87fad');
INSERT INTO `users` (`id`, `firstname`, `lastname`, `email`, `phone`, `birthday`, `hometown`, `gender`, `photo_id`, `created_at`, `pass`) VALUES ('50', 'Rocky', 'Conroy', 'ramon58@example.net', '1-709-205-3143x07623', '2000-04-17', 'qui', '', '1', '1989-03-24 19:56:31', '03f317ffa7dd7a95fe6cc4d0107277');
INSERT INTO `users` (`id`, `firstname`, `lastname`, `email`, `phone`, `birthday`, `hometown`, `gender`, `photo_id`, `created_at`, `pass`) VALUES ('51', 'Laurel', 'DuBuque', 'wiza.hal@example.com', '1-026-759-0305x1371', '1973-05-26', 'consequatur', '', '3', '1970-03-11 02:25:40', '8e4c7482184d6d53be346735078a84');
INSERT INTO `users` (`id`, `firstname`, `lastname`, `email`, `phone`, `birthday`, `hometown`, `gender`, `photo_id`, `created_at`, `pass`) VALUES ('52', 'Citlalli', 'McLaughlin', 'schneider.cyrus@example.org', '(021)767-8382x8558', '2004-04-07', 'eaque', 'f', '3', '1978-12-23 22:39:25', 'e5b880a4064e0ca6d01b12a7ca4079');
INSERT INTO `users` (`id`, `firstname`, `lastname`, `email`, `phone`, `birthday`, `hometown`, `gender`, `photo_id`, `created_at`, `pass`) VALUES ('53', 'Cathrine', 'Batz', 'caleigh.runte@example.net', '(263)256-6333', '1999-02-11', 'tempora', '', '4', '1975-05-20 03:37:08', '35cffbe62306757618cf460b42e5c4');
INSERT INTO `users` (`id`, `firstname`, `lastname`, `email`, `phone`, `birthday`, `hometown`, `gender`, `photo_id`, `created_at`, `pass`) VALUES ('54', 'Ben', 'Hermann', 'tzieme@example.com', '304-530-1055x892', '2000-06-28', 'facilis', '', '6', '2000-05-15 07:22:58', '7bfb818706c01dce26c3fb927cba91');
INSERT INTO `users` (`id`, `firstname`, `lastname`, `email`, `phone`, `birthday`, `hometown`, `gender`, `photo_id`, `created_at`, `pass`) VALUES ('55', 'Elisa', 'Greenholt', 'kub.junius@example.com', '019-996-7266x1971', '1978-10-21', 'dolores', 'm', '6', '1983-11-28 12:13:01', '9d450510d5fb10d85842e97c0eaeb1');
INSERT INTO `users` (`id`, `firstname`, `lastname`, `email`, `phone`, `birthday`, `hometown`, `gender`, `photo_id`, `created_at`, `pass`) VALUES ('56', 'Coby', 'Smitham', 'shanna21@example.com', '(973)639-1452x7512', '1979-07-02', 'laborum', '', '8', '1979-01-23 09:02:53', 'ffaa8a86222304445cc5efed876397');
INSERT INTO `users` (`id`, `firstname`, `lastname`, `email`, `phone`, `birthday`, `hometown`, `gender`, `photo_id`, `created_at`, `pass`) VALUES ('57', 'Mckayla', 'Prohaska', 'presley39@example.com', '1-312-666-8617x066', '1991-12-21', 'ipsum', '', '2', '1976-07-10 13:26:55', '3a70a3c79122ec1dbe5d11ec33d562');
INSERT INTO `users` (`id`, `firstname`, `lastname`, `email`, `phone`, `birthday`, `hometown`, `gender`, `photo_id`, `created_at`, `pass`) VALUES ('58', 'Moses', 'Larson', 'breitenberg.jayden@example.org', '00481413968', '2014-07-02', 'exercitationem', 'm', '4', '2007-04-09 20:12:32', 'a180d3d69b17d31feed4000c4dfb63');
INSERT INTO `users` (`id`, `firstname`, `lastname`, `email`, `phone`, `birthday`, `hometown`, `gender`, `photo_id`, `created_at`, `pass`) VALUES ('59', 'Jayme', 'Bruen', 'kayli.bayer@example.com', '(156)737-5639x434', '1996-03-19', 'autem', '', '1', '1986-05-05 23:16:54', 'e451dc8aca88da14a4d7de4c4e2089');
INSERT INTO `users` (`id`, `firstname`, `lastname`, `email`, `phone`, `birthday`, `hometown`, `gender`, `photo_id`, `created_at`, `pass`) VALUES ('60', 'Sylvester', 'Hintz', 'rbode@example.com', '664.312.8060x611', '1986-11-02', 'vel', '', '3', '1970-03-23 08:02:30', 'd8ba3486491c680d474db363f5dd85');
INSERT INTO `users` (`id`, `firstname`, `lastname`, `email`, `phone`, `birthday`, `hometown`, `gender`, `photo_id`, `created_at`, `pass`) VALUES ('61', 'Garry', 'Prosacco', 'gussie.kulas@example.com', '03052125082', '2002-05-28', 'inventore', '', '8', '2020-02-22 06:52:00', 'eb12e44e50022aa2188c290412338c');
INSERT INTO `users` (`id`, `firstname`, `lastname`, `email`, `phone`, `birthday`, `hometown`, `gender`, `photo_id`, `created_at`, `pass`) VALUES ('62', 'Cedrick', 'Parisian', 'bednar.alena@example.net', '03552639567', '2014-05-25', 'autem', '', '6', '2001-01-21 08:51:06', '7407ab12771abb2e60dbe7f0ea4b03');
INSERT INTO `users` (`id`, `firstname`, `lastname`, `email`, `phone`, `birthday`, `hometown`, `gender`, `photo_id`, `created_at`, `pass`) VALUES ('63', 'Silas', 'Dickens', 'writchie@example.org', '925-111-7061x00984', '2001-11-23', 'odit', '', '0', '1997-11-28 18:19:54', 'a7abd88238f17c88416953117cd2b0');
INSERT INTO `users` (`id`, `firstname`, `lastname`, `email`, `phone`, `birthday`, `hometown`, `gender`, `photo_id`, `created_at`, `pass`) VALUES ('64', 'Morgan', 'Mertz', 'gwiegand@example.net', '+49(9)9902745993', '1971-03-13', 'sit', 'm', '9', '1983-08-01 17:28:53', '2dd71cd9c90d596c68d3a62072b360');
INSERT INTO `users` (`id`, `firstname`, `lastname`, `email`, `phone`, `birthday`, `hometown`, `gender`, `photo_id`, `created_at`, `pass`) VALUES ('65', 'Odessa', 'Boehm', 'shand@example.org', '(849)034-5147', '2020-03-01', 'sapiente', '', '7', '1998-09-04 03:28:33', '494e1d44bf3ebd89bcc139c457f729');
INSERT INTO `users` (`id`, `firstname`, `lastname`, `email`, `phone`, `birthday`, `hometown`, `gender`, `photo_id`, `created_at`, `pass`) VALUES ('66', 'Shania', 'Davis', 'owalker@example.org', '240.901.4517x95340', '1991-04-03', 'vel', 'm', '5', '2008-10-26 20:28:51', 'd8da256ba7c23e6b9516219544d325');
INSERT INTO `users` (`id`, `firstname`, `lastname`, `email`, `phone`, `birthday`, `hometown`, `gender`, `photo_id`, `created_at`, `pass`) VALUES ('67', 'Fabiola', 'Crona', 'danielle.bailey@example.com', '(894)917-1299', '1987-07-11', 'animi', 'f', '8', '2009-09-01 21:48:24', '7b5db5c14503c4f83c0735040e31f1');
INSERT INTO `users` (`id`, `firstname`, `lastname`, `email`, `phone`, `birthday`, `hometown`, `gender`, `photo_id`, `created_at`, `pass`) VALUES ('68', 'Rita', 'Bosco', 'huel.bernadine@example.net', '1-846-778-1217x7846', '1986-07-15', 'occaecati', 'm', '8', '2006-09-28 04:20:59', '9b8c68930fa826901b45f129e88441');
INSERT INTO `users` (`id`, `firstname`, `lastname`, `email`, `phone`, `birthday`, `hometown`, `gender`, `photo_id`, `created_at`, `pass`) VALUES ('69', 'Mitchell', 'Swift', 'jakubowski.royal@example.org', '+54(5)5548292659', '2006-02-16', 'ab', 'm', '9', '2010-01-25 13:15:36', '7ea246bdf70fa95bd364a25406c021');
INSERT INTO `users` (`id`, `firstname`, `lastname`, `email`, `phone`, `birthday`, `hometown`, `gender`, `photo_id`, `created_at`, `pass`) VALUES ('70', 'Margarita', 'Wisoky', 'hcollins@example.org', '507.687.1677', '1988-05-06', 'voluptatem', '', '1', '1984-06-21 11:53:25', '4213f0fd675f9548f943f63f94d804');
INSERT INTO `users` (`id`, `firstname`, `lastname`, `email`, `phone`, `birthday`, `hometown`, `gender`, `photo_id`, `created_at`, `pass`) VALUES ('71', 'Monte', 'Huel', 'kaylin.padberg@example.org', '(047)899-8237x8986', '1973-09-03', 'ullam', 'f', '5', '1991-11-25 11:29:27', 'f141ff93b052aa023a741b105b89a3');
INSERT INTO `users` (`id`, `firstname`, `lastname`, `email`, `phone`, `birthday`, `hometown`, `gender`, `photo_id`, `created_at`, `pass`) VALUES ('72', 'Sylvia', 'Quigley', 'reinger.hubert@example.org', '02883730167', '2007-01-22', 'illo', 'f', '9', '1976-02-04 18:03:04', 'bb4142e7699d4b330c6afc9f04f13f');
INSERT INTO `users` (`id`, `firstname`, `lastname`, `email`, `phone`, `birthday`, `hometown`, `gender`, `photo_id`, `created_at`, `pass`) VALUES ('73', 'Gilberto', 'Stark', 'wboyer@example.net', '960.421.3313', '1972-02-15', 'omnis', '', '7', '2016-02-05 16:28:39', '61bc160344d3cea657bf1db9aff876');
INSERT INTO `users` (`id`, `firstname`, `lastname`, `email`, `phone`, `birthday`, `hometown`, `gender`, `photo_id`, `created_at`, `pass`) VALUES ('74', 'Alda', 'Jacobi', 'kreiger.aubree@example.org', '263-012-8864x66518', '2000-04-29', 'velit', 'f', '0', '2008-12-06 09:50:18', '63f8492a973438413c7b5249dd2e64');
INSERT INTO `users` (`id`, `firstname`, `lastname`, `email`, `phone`, `birthday`, `hometown`, `gender`, `photo_id`, `created_at`, `pass`) VALUES ('75', 'Vena', 'Wilderman', 'kautzer.lilyan@example.net', '356-407-2801', '1993-03-20', 'natus', 'f', '0', '1979-06-09 14:38:31', '12992aee9f02ffca1dbeae9fdc7b29');
INSERT INTO `users` (`id`, `firstname`, `lastname`, `email`, `phone`, `birthday`, `hometown`, `gender`, `photo_id`, `created_at`, `pass`) VALUES ('76', 'Rowan', 'Heaney', 'oral.ullrich@example.net', '(795)535-3151x928', '1970-11-12', 'pariatur', '', '6', '1983-07-17 09:40:00', '8b3c0bb449445fcaa4864be182ecbd');
INSERT INTO `users` (`id`, `firstname`, `lastname`, `email`, `phone`, `birthday`, `hometown`, `gender`, `photo_id`, `created_at`, `pass`) VALUES ('77', 'Addison', 'Hoppe', 'gilbert.hegmann@example.org', '904-123-9004x5729', '2013-08-24', 'voluptatibus', '', '4', '2000-01-28 16:21:51', 'e9ddbef29eed74c8e3a52dd1258844');
INSERT INTO `users` (`id`, `firstname`, `lastname`, `email`, `phone`, `birthday`, `hometown`, `gender`, `photo_id`, `created_at`, `pass`) VALUES ('78', 'Myriam', 'Daugherty', 'ayana35@example.net', '+43(6)9923436618', '1974-01-07', 'dolorem', 'f', '7', '1992-06-12 07:23:07', 'a801b30a06d44c6f5a30364323426e');
INSERT INTO `users` (`id`, `firstname`, `lastname`, `email`, `phone`, `birthday`, `hometown`, `gender`, `photo_id`, `created_at`, `pass`) VALUES ('79', 'Lacey', 'McCullough', 'elmo.mraz@example.org', '383.109.2801x658', '2013-02-28', 'quae', 'f', '9', '2003-04-06 00:06:08', 'd239c4ef5ca5dd74c2d1f7d8f42336');
INSERT INTO `users` (`id`, `firstname`, `lastname`, `email`, `phone`, `birthday`, `hometown`, `gender`, `photo_id`, `created_at`, `pass`) VALUES ('80', 'Evie', 'Schoen', 'vorn@example.org', '1-081-123-2020x976', '2020-05-12', 'consequatur', 'm', '0', '2014-02-04 00:31:41', 'c724bf8b6ca7ae0c39b5d59faae172');
INSERT INTO `users` (`id`, `firstname`, `lastname`, `email`, `phone`, `birthday`, `hometown`, `gender`, `photo_id`, `created_at`, `pass`) VALUES ('81', 'Stephon', 'Schuster', 'birdie42@example.com', '(922)030-4178', '1976-08-18', 'qui', 'f', '2', '2007-03-16 13:50:54', '394182505dad835863387106d7cd6f');
INSERT INTO `users` (`id`, `firstname`, `lastname`, `email`, `phone`, `birthday`, `hometown`, `gender`, `photo_id`, `created_at`, `pass`) VALUES ('82', 'Tomas', 'Murazik', 'huels.arturo@example.com', '1-277-116-4006', '1975-12-21', 'vel', 'f', '3', '1971-03-30 21:51:19', '8cc9f14f9376073c9674d7de926cb5');
INSERT INTO `users` (`id`, `firstname`, `lastname`, `email`, `phone`, `birthday`, `hometown`, `gender`, `photo_id`, `created_at`, `pass`) VALUES ('83', 'Lynn', 'White', 'ronaldo44@example.com', '(289)779-7777x442', '1984-03-23', 'dolore', 'm', '8', '1978-06-28 14:26:27', '9df190a6e74e9c941c78000b998bb8');
INSERT INTO `users` (`id`, `firstname`, `lastname`, `email`, `phone`, `birthday`, `hometown`, `gender`, `photo_id`, `created_at`, `pass`) VALUES ('84', 'Danial', 'Nikolaus', 'breitenberg.lowell@example.org', '+46(5)9876739000', '1992-09-10', 'quia', 'm', '2', '1974-11-10 21:19:01', '95ec76e484af00f12a1e825fb8c94c');
INSERT INTO `users` (`id`, `firstname`, `lastname`, `email`, `phone`, `birthday`, `hometown`, `gender`, `photo_id`, `created_at`, `pass`) VALUES ('85', 'Queen', 'Hessel', 'zackery27@example.org', '104.084.3644x7410', '1972-07-28', 'et', '', '1', '2003-08-05 10:22:07', '582f3f1926a58d18c673aa2b30af15');
INSERT INTO `users` (`id`, `firstname`, `lastname`, `email`, `phone`, `birthday`, `hometown`, `gender`, `photo_id`, `created_at`, `pass`) VALUES ('86', 'Moises', 'Marquardt', 'rogahn.janelle@example.net', '1-791-911-2033x4019', '1996-07-25', 'quidem', '', '0', '1981-12-09 03:40:00', 'a0c3cbfbc0b510c286aba9809bad2e');
INSERT INTO `users` (`id`, `firstname`, `lastname`, `email`, `phone`, `birthday`, `hometown`, `gender`, `photo_id`, `created_at`, `pass`) VALUES ('87', 'Alisha', 'Ritchie', 'caitlyn.thiel@example.net', '1-845-872-6061x02280', '1983-07-06', 'quos', 'm', '3', '1985-10-06 15:41:13', 'b1e1b519f248657930583ce1ad297c');
INSERT INTO `users` (`id`, `firstname`, `lastname`, `email`, `phone`, `birthday`, `hometown`, `gender`, `photo_id`, `created_at`, `pass`) VALUES ('88', 'Clemens', 'Rodriguez', 'jose18@example.net', '564-492-3957', '1989-09-18', 'fuga', 'm', '8', '2019-08-25 01:03:18', 'e8c9ecfc18e929ecce947f933759a1');
INSERT INTO `users` (`id`, `firstname`, `lastname`, `email`, `phone`, `birthday`, `hometown`, `gender`, `photo_id`, `created_at`, `pass`) VALUES ('89', 'Tina', 'Abernathy', 'leopold13@example.org', '170-348-9054', '2003-11-04', 'consequatur', 'm', '7', '2019-04-28 09:14:28', '13fc3c5b290877650591fc0f56bf61');
INSERT INTO `users` (`id`, `firstname`, `lastname`, `email`, `phone`, `birthday`, `hometown`, `gender`, `photo_id`, `created_at`, `pass`) VALUES ('90', 'Heath', 'Brown', 'jon.walker@example.net', '1-720-779-1036', '1991-09-26', 'ducimus', 'f', '6', '2001-11-04 01:13:12', '2f7ce33c83ff6f14993d56e69a3ae6');
INSERT INTO `users` (`id`, `firstname`, `lastname`, `email`, `phone`, `birthday`, `hometown`, `gender`, `photo_id`, `created_at`, `pass`) VALUES ('91', 'Arne', 'Yost', 'gottlieb.hildegard@example.net', '1-609-941-6062x4736', '2016-05-21', 'id', 'f', '8', '1986-04-07 16:20:10', 'd265af24036564d45de4016b76914e');
INSERT INTO `users` (`id`, `firstname`, `lastname`, `email`, `phone`, `birthday`, `hometown`, `gender`, `photo_id`, `created_at`, `pass`) VALUES ('92', 'Mercedes', 'Ankunding', 'chowe@example.org', '+27(9)6069314378', '1992-06-21', 'sit', 'f', '9', '2014-12-02 06:34:17', '1acabfd47312985628863d6f9f05d1');
INSERT INTO `users` (`id`, `firstname`, `lastname`, `email`, `phone`, `birthday`, `hometown`, `gender`, `photo_id`, `created_at`, `pass`) VALUES ('93', 'Myrl', 'Skiles', 'xgreen@example.com', '09448332813', '2001-03-20', 'dolores', '', '1', '2007-02-26 18:09:40', 'f3633840e061c25ba832859b0da298');
INSERT INTO `users` (`id`, `firstname`, `lastname`, `email`, `phone`, `birthday`, `hometown`, `gender`, `photo_id`, `created_at`, `pass`) VALUES ('94', 'Madelynn', 'Homenick', 'cassin.jadon@example.org', '02531549507', '2017-04-07', 'nostrum', 'f', '5', '2012-09-01 13:24:33', '8f4de2fd0cb5e5a5d83665f1c4f37a');
INSERT INTO `users` (`id`, `firstname`, `lastname`, `email`, `phone`, `birthday`, `hometown`, `gender`, `photo_id`, `created_at`, `pass`) VALUES ('95', 'Casey', 'Rohan', 'ian73@example.org', '(617)508-3962', '1991-04-24', 'qui', '', '6', '1982-02-15 23:41:21', 'defb123d241ab15a269127ba935607');
INSERT INTO `users` (`id`, `firstname`, `lastname`, `email`, `phone`, `birthday`, `hometown`, `gender`, `photo_id`, `created_at`, `pass`) VALUES ('96', 'Alena', 'Carroll', 'freeman73@example.org', '1-305-056-1660', '1972-02-20', 'eveniet', 'f', '3', '1990-03-19 02:51:21', '82443c048787ef1435fd535a9cfd03');
INSERT INTO `users` (`id`, `firstname`, `lastname`, `email`, `phone`, `birthday`, `hometown`, `gender`, `photo_id`, `created_at`, `pass`) VALUES ('97', 'Virgie', 'Thiel', 'polly.pagac@example.net', '006.588.9800x388', '1986-09-27', 'asperiores', 'f', '4', '2004-03-24 14:31:11', 'a1923993acf20852b4d94abe603883');
INSERT INTO `users` (`id`, `firstname`, `lastname`, `email`, `phone`, `birthday`, `hometown`, `gender`, `photo_id`, `created_at`, `pass`) VALUES ('98', 'Jocelyn', 'Schiller', 'glen97@example.com', '+52(2)3730374384', '1984-08-03', 'assumenda', 'm', '0', '1973-12-25 00:58:05', '935fa6d11ee3d0dbe697364cec6297');
INSERT INTO `users` (`id`, `firstname`, `lastname`, `email`, `phone`, `birthday`, `hometown`, `gender`, `photo_id`, `created_at`, `pass`) VALUES ('99', 'Jaida', 'Harber', 'yrohan@example.net', '(126)646-3501x349', '1977-01-18', 'nisi', 'm', '1', '2000-01-30 22:38:15', 'bec7700cca8facb7b29e66898b8a4e');
INSERT INTO `users` (`id`, `firstname`, `lastname`, `email`, `phone`, `birthday`, `hometown`, `gender`, `photo_id`, `created_at`, `pass`) VALUES ('100', 'Jules', 'Bogisich', 'smith.dannie@example.net', '071.422.9326x02299', '2008-11-10', 'suscipit', 'm', '2', '2008-09-14 04:50:15', 'a3e0eb00c25a1456486600d4882a44');


DROP TABLE IF EXISTS `users_communities`;

CREATE TABLE `users_communities` (
  `user_id` bigint(20) unsigned NOT NULL,
  `community_id` bigint(20) unsigned NOT NULL,
  PRIMARY KEY (`user_id`,`community_id`),
  KEY `community_id` (`community_id`),
  CONSTRAINT `users_communities_ibfk_1` FOREIGN KEY (`user_id`) REFERENCES `users` (`id`),
  CONSTRAINT `users_communities_ibfk_2` FOREIGN KEY (`community_id`) REFERENCES `communities` (`id`)
) ENGINE=InnoDB DEFAULT CHARSET=utf8 COLLATE=utf8_unicode_ci;

INSERT INTO `users_communities` (`user_id`, `community_id`) VALUES ('2', '66');
INSERT INTO `users_communities` (`user_id`, `community_id`) VALUES ('3', '46');
INSERT INTO `users_communities` (`user_id`, `community_id`) VALUES ('4', '17');
INSERT INTO `users_communities` (`user_id`, `community_id`) VALUES ('4', '19');
INSERT INTO `users_communities` (`user_id`, `community_id`) VALUES ('6', '70');
INSERT INTO `users_communities` (`user_id`, `community_id`) VALUES ('6', '77');
INSERT INTO `users_communities` (`user_id`, `community_id`) VALUES ('6', '81');
INSERT INTO `users_communities` (`user_id`, `community_id`) VALUES ('7', '27');
INSERT INTO `users_communities` (`user_id`, `community_id`) VALUES ('7', '55');
INSERT INTO `users_communities` (`user_id`, `community_id`) VALUES ('7', '70');
INSERT INTO `users_communities` (`user_id`, `community_id`) VALUES ('7', '77');
INSERT INTO `users_communities` (`user_id`, `community_id`) VALUES ('8', '92');
INSERT INTO `users_communities` (`user_id`, `community_id`) VALUES ('10', '11');
INSERT INTO `users_communities` (`user_id`, `community_id`) VALUES ('10', '87');
INSERT INTO `users_communities` (`user_id`, `community_id`) VALUES ('11', '89');
INSERT INTO `users_communities` (`user_id`, `community_id`) VALUES ('12', '80');
INSERT INTO `users_communities` (`user_id`, `community_id`) VALUES ('16', '5');
INSERT INTO `users_communities` (`user_id`, `community_id`) VALUES ('16', '15');
INSERT INTO `users_communities` (`user_id`, `community_id`) VALUES ('20', '77');
INSERT INTO `users_communities` (`user_id`, `community_id`) VALUES ('23', '5');
INSERT INTO `users_communities` (`user_id`, `community_id`) VALUES ('23', '15');
INSERT INTO `users_communities` (`user_id`, `community_id`) VALUES ('24', '10');
INSERT INTO `users_communities` (`user_id`, `community_id`) VALUES ('24', '81');
INSERT INTO `users_communities` (`user_id`, `community_id`) VALUES ('27', '72');
INSERT INTO `users_communities` (`user_id`, `community_id`) VALUES ('29', '51');
INSERT INTO `users_communities` (`user_id`, `community_id`) VALUES ('29', '81');
INSERT INTO `users_communities` (`user_id`, `community_id`) VALUES ('29', '86');
INSERT INTO `users_communities` (`user_id`, `community_id`) VALUES ('29', '91');
INSERT INTO `users_communities` (`user_id`, `community_id`) VALUES ('32', '75');
INSERT INTO `users_communities` (`user_id`, `community_id`) VALUES ('34', '61');
INSERT INTO `users_communities` (`user_id`, `community_id`) VALUES ('35', '92');
INSERT INTO `users_communities` (`user_id`, `community_id`) VALUES ('36', '8');
INSERT INTO `users_communities` (`user_id`, `community_id`) VALUES ('37', '10');
INSERT INTO `users_communities` (`user_id`, `community_id`) VALUES ('37', '26');
INSERT INTO `users_communities` (`user_id`, `community_id`) VALUES ('37', '43');
INSERT INTO `users_communities` (`user_id`, `community_id`) VALUES ('39', '58');
INSERT INTO `users_communities` (`user_id`, `community_id`) VALUES ('40', '1');
INSERT INTO `users_communities` (`user_id`, `community_id`) VALUES ('40', '39');
INSERT INTO `users_communities` (`user_id`, `community_id`) VALUES ('40', '95');
INSERT INTO `users_communities` (`user_id`, `community_id`) VALUES ('41', '47');
INSERT INTO `users_communities` (`user_id`, `community_id`) VALUES ('41', '95');
INSERT INTO `users_communities` (`user_id`, `community_id`) VALUES ('42', '57');
INSERT INTO `users_communities` (`user_id`, `community_id`) VALUES ('42', '67');
INSERT INTO `users_communities` (`user_id`, `community_id`) VALUES ('42', '72');
INSERT INTO `users_communities` (`user_id`, `community_id`) VALUES ('45', '68');
INSERT INTO `users_communities` (`user_id`, `community_id`) VALUES ('45', '84');
INSERT INTO `users_communities` (`user_id`, `community_id`) VALUES ('45', '99');
INSERT INTO `users_communities` (`user_id`, `community_id`) VALUES ('46', '59');
INSERT INTO `users_communities` (`user_id`, `community_id`) VALUES ('47', '16');
INSERT INTO `users_communities` (`user_id`, `community_id`) VALUES ('47', '41');
INSERT INTO `users_communities` (`user_id`, `community_id`) VALUES ('47', '66');
INSERT INTO `users_communities` (`user_id`, `community_id`) VALUES ('47', '82');
INSERT INTO `users_communities` (`user_id`, `community_id`) VALUES ('48', '49');
INSERT INTO `users_communities` (`user_id`, `community_id`) VALUES ('49', '31');
INSERT INTO `users_communities` (`user_id`, `community_id`) VALUES ('49', '100');
INSERT INTO `users_communities` (`user_id`, `community_id`) VALUES ('50', '40');
INSERT INTO `users_communities` (`user_id`, `community_id`) VALUES ('50', '62');
INSERT INTO `users_communities` (`user_id`, `community_id`) VALUES ('50', '71');
INSERT INTO `users_communities` (`user_id`, `community_id`) VALUES ('51', '37');
INSERT INTO `users_communities` (`user_id`, `community_id`) VALUES ('52', '29');
INSERT INTO `users_communities` (`user_id`, `community_id`) VALUES ('55', '65');
INSERT INTO `users_communities` (`user_id`, `community_id`) VALUES ('57', '51');
INSERT INTO `users_communities` (`user_id`, `community_id`) VALUES ('59', '27');
INSERT INTO `users_communities` (`user_id`, `community_id`) VALUES ('60', '88');
INSERT INTO `users_communities` (`user_id`, `community_id`) VALUES ('63', '49');
INSERT INTO `users_communities` (`user_id`, `community_id`) VALUES ('65', '30');
INSERT INTO `users_communities` (`user_id`, `community_id`) VALUES ('67', '78');
INSERT INTO `users_communities` (`user_id`, `community_id`) VALUES ('68', '95');
INSERT INTO `users_communities` (`user_id`, `community_id`) VALUES ('71', '95');
INSERT INTO `users_communities` (`user_id`, `community_id`) VALUES ('73', '24');
INSERT INTO `users_communities` (`user_id`, `community_id`) VALUES ('73', '40');
INSERT INTO `users_communities` (`user_id`, `community_id`) VALUES ('75', '77');
INSERT INTO `users_communities` (`user_id`, `community_id`) VALUES ('76', '29');
INSERT INTO `users_communities` (`user_id`, `community_id`) VALUES ('76', '48');
INSERT INTO `users_communities` (`user_id`, `community_id`) VALUES ('76', '80');
INSERT INTO `users_communities` (`user_id`, `community_id`) VALUES ('76', '90');
INSERT INTO `users_communities` (`user_id`, `community_id`) VALUES ('77', '6');
INSERT INTO `users_communities` (`user_id`, `community_id`) VALUES ('77', '33');
INSERT INTO `users_communities` (`user_id`, `community_id`) VALUES ('77', '85');
INSERT INTO `users_communities` (`user_id`, `community_id`) VALUES ('81', '15');
INSERT INTO `users_communities` (`user_id`, `community_id`) VALUES ('81', '22');
INSERT INTO `users_communities` (`user_id`, `community_id`) VALUES ('81', '36');
INSERT INTO `users_communities` (`user_id`, `community_id`) VALUES ('82', '18');
INSERT INTO `users_communities` (`user_id`, `community_id`) VALUES ('82', '88');
INSERT INTO `users_communities` (`user_id`, `community_id`) VALUES ('82', '93');
INSERT INTO `users_communities` (`user_id`, `community_id`) VALUES ('85', '77');
INSERT INTO `users_communities` (`user_id`, `community_id`) VALUES ('87', '73');
INSERT INTO `users_communities` (`user_id`, `community_id`) VALUES ('89', '30');
INSERT INTO `users_communities` (`user_id`, `community_id`) VALUES ('90', '30');
INSERT INTO `users_communities` (`user_id`, `community_id`) VALUES ('90', '51');
INSERT INTO `users_communities` (`user_id`, `community_id`) VALUES ('91', '91');
INSERT INTO `users_communities` (`user_id`, `community_id`) VALUES ('94', '82');
INSERT INTO `users_communities` (`user_id`, `community_id`) VALUES ('95', '39');
INSERT INTO `users_communities` (`user_id`, `community_id`) VALUES ('97', '45');
INSERT INTO `users_communities` (`user_id`, `community_id`) VALUES ('98', '1');
INSERT INTO `users_communities` (`user_id`, `community_id`) VALUES ('98', '48');
INSERT INTO `users_communities` (`user_id`, `community_id`) VALUES ('98', '70');
INSERT INTO `users_communities` (`user_id`, `community_id`) VALUES ('99', '45');
INSERT INTO `users_communities` (`user_id`, `community_id`) VALUES ('100', '36');
INSERT INTO `users_communities` (`user_id`, `community_id`) VALUES ('100', '47');


#
# TABLE STRUCTURE FOR: users_likes
#

DROP TABLE IF EXISTS `users_likes`;

CREATE TABLE `users_likes` (
  `id` bigint(20) unsigned NOT NULL AUTO_INCREMENT,
  `user_id` bigint(20) unsigned NOT NULL,
  `quantity` int(11) DEFAULT NULL,
  `created_at` datetime DEFAULT current_timestamp(),
  PRIMARY KEY (`id`),
  KEY `user_id` (`user_id`),
  CONSTRAINT `users_likes_ibfk_1` FOREIGN KEY (`user_id`) REFERENCES `users` (`id`)
) ENGINE=InnoDB AUTO_INCREMENT=201 DEFAULT CHARSET=utf8 COLLATE=utf8_unicode_ci;

INSERT INTO `users_likes` (`id`, `user_id`, `quantity`, `created_at`) VALUES ('1', '87', 51610835, '1973-05-25 15:29:52');
INSERT INTO `users_likes` (`id`, `user_id`, `quantity`, `created_at`) VALUES ('2', '67', 43297, '1997-01-22 18:24:33');
INSERT INTO `users_likes` (`id`, `user_id`, `quantity`, `created_at`) VALUES ('3', '47', 7374, '1985-05-21 16:09:08');
INSERT INTO `users_likes` (`id`, `user_id`, `quantity`, `created_at`) VALUES ('4', '45', 2084, '1998-10-05 01:23:59');
INSERT INTO `users_likes` (`id`, `user_id`, `quantity`, `created_at`) VALUES ('5', '34', 38, '2009-08-11 22:38:08');
INSERT INTO `users_likes` (`id`, `user_id`, `quantity`, `created_at`) VALUES ('6', '81', 23137490, '1978-02-23 11:58:47');
INSERT INTO `users_likes` (`id`, `user_id`, `quantity`, `created_at`) VALUES ('7', '10', 7, '2009-06-23 14:41:08');
INSERT INTO `users_likes` (`id`, `user_id`, `quantity`, `created_at`) VALUES ('8', '52', 0, '2014-01-05 21:23:43');
INSERT INTO `users_likes` (`id`, `user_id`, `quantity`, `created_at`) VALUES ('9', '60', 721029, '1983-06-28 09:24:23');
INSERT INTO `users_likes` (`id`, `user_id`, `quantity`, `created_at`) VALUES ('10', '29', 4, '2016-12-26 04:14:03');
INSERT INTO `users_likes` (`id`, `user_id`, `quantity`, `created_at`) VALUES ('11', '87', 0, '1986-05-01 20:16:43');
INSERT INTO `users_likes` (`id`, `user_id`, `quantity`, `created_at`) VALUES ('12', '51', 12, '1972-11-15 15:08:15');
INSERT INTO `users_likes` (`id`, `user_id`, `quantity`, `created_at`) VALUES ('13', '48', 1182694, '1971-03-12 14:29:09');
INSERT INTO `users_likes` (`id`, `user_id`, `quantity`, `created_at`) VALUES ('14', '84', 6125766, '1978-06-17 04:48:34');
INSERT INTO `users_likes` (`id`, `user_id`, `quantity`, `created_at`) VALUES ('15', '49', 493363199, '2013-06-30 19:34:16');
INSERT INTO `users_likes` (`id`, `user_id`, `quantity`, `created_at`) VALUES ('16', '23', 437216, '2020-11-11 12:52:05');
INSERT INTO `users_likes` (`id`, `user_id`, `quantity`, `created_at`) VALUES ('17', '44', 14, '1985-08-02 02:48:33');
INSERT INTO `users_likes` (`id`, `user_id`, `quantity`, `created_at`) VALUES ('18', '74', 0, '1970-01-26 07:18:24');
INSERT INTO `users_likes` (`id`, `user_id`, `quantity`, `created_at`) VALUES ('19', '71', 2851583, '1982-09-16 22:25:24');
INSERT INTO `users_likes` (`id`, `user_id`, `quantity`, `created_at`) VALUES ('20', '90', 320618, '2000-09-06 18:14:03');
INSERT INTO `users_likes` (`id`, `user_id`, `quantity`, `created_at`) VALUES ('21', '92', 30070, '1978-03-18 03:03:56');
INSERT INTO `users_likes` (`id`, `user_id`, `quantity`, `created_at`) VALUES ('22', '79', 587747, '2004-10-22 00:50:45');
INSERT INTO `users_likes` (`id`, `user_id`, `quantity`, `created_at`) VALUES ('23', '75', 4342, '2011-04-13 17:02:44');
INSERT INTO `users_likes` (`id`, `user_id`, `quantity`, `created_at`) VALUES ('24', '39', 433858, '2017-01-13 20:12:02');
INSERT INTO `users_likes` (`id`, `user_id`, `quantity`, `created_at`) VALUES ('25', '25', 13628, '2007-10-10 04:28:08');
INSERT INTO `users_likes` (`id`, `user_id`, `quantity`, `created_at`) VALUES ('26', '28', 255, '2019-08-13 17:37:18');
INSERT INTO `users_likes` (`id`, `user_id`, `quantity`, `created_at`) VALUES ('27', '29', 1723, '1997-08-25 11:25:49');
INSERT INTO `users_likes` (`id`, `user_id`, `quantity`, `created_at`) VALUES ('28', '12', 29106, '1981-06-28 15:54:12');
INSERT INTO `users_likes` (`id`, `user_id`, `quantity`, `created_at`) VALUES ('29', '54', 19190, '2006-07-24 15:40:37');
INSERT INTO `users_likes` (`id`, `user_id`, `quantity`, `created_at`) VALUES ('30', '54', 10146050, '1977-11-02 06:54:44');
INSERT INTO `users_likes` (`id`, `user_id`, `quantity`, `created_at`) VALUES ('31', '83', 6458595, '2008-03-15 09:56:35');
INSERT INTO `users_likes` (`id`, `user_id`, `quantity`, `created_at`) VALUES ('32', '40', 2, '1975-08-10 21:16:27');
INSERT INTO `users_likes` (`id`, `user_id`, `quantity`, `created_at`) VALUES ('33', '21', 11813, '1990-07-05 23:35:16');
INSERT INTO `users_likes` (`id`, `user_id`, `quantity`, `created_at`) VALUES ('34', '29', 9910, '2003-09-02 12:44:15');
INSERT INTO `users_likes` (`id`, `user_id`, `quantity`, `created_at`) VALUES ('35', '85', 4565, '1981-12-20 14:41:13');
INSERT INTO `users_likes` (`id`, `user_id`, `quantity`, `created_at`) VALUES ('36', '54', 27701606, '1970-06-24 16:23:11');
INSERT INTO `users_likes` (`id`, `user_id`, `quantity`, `created_at`) VALUES ('37', '9', 0, '2015-03-23 11:45:42');
INSERT INTO `users_likes` (`id`, `user_id`, `quantity`, `created_at`) VALUES ('38', '94', 432, '1988-03-15 04:43:08');
INSERT INTO `users_likes` (`id`, `user_id`, `quantity`, `created_at`) VALUES ('39', '5', 5311, '1973-07-08 00:52:23');
INSERT INTO `users_likes` (`id`, `user_id`, `quantity`, `created_at`) VALUES ('40', '69', 606, '2001-04-09 09:37:53');
INSERT INTO `users_likes` (`id`, `user_id`, `quantity`, `created_at`) VALUES ('41', '23', 0, '1989-06-02 10:20:55');
INSERT INTO `users_likes` (`id`, `user_id`, `quantity`, `created_at`) VALUES ('42', '92', 263490, '1989-08-01 02:36:41');
INSERT INTO `users_likes` (`id`, `user_id`, `quantity`, `created_at`) VALUES ('43', '19', 0, '1996-03-12 19:52:16');
INSERT INTO `users_likes` (`id`, `user_id`, `quantity`, `created_at`) VALUES ('44', '70', 0, '2014-02-10 13:55:07');
INSERT INTO `users_likes` (`id`, `user_id`, `quantity`, `created_at`) VALUES ('45', '76', 12146282, '1987-04-28 04:25:04');
INSERT INTO `users_likes` (`id`, `user_id`, `quantity`, `created_at`) VALUES ('46', '68', 2, '1973-04-09 12:38:28');
INSERT INTO `users_likes` (`id`, `user_id`, `quantity`, `created_at`) VALUES ('47', '92', 30984, '2004-03-25 19:56:11');
INSERT INTO `users_likes` (`id`, `user_id`, `quantity`, `created_at`) VALUES ('48', '19', 4145647, '1996-02-02 13:24:49');
INSERT INTO `users_likes` (`id`, `user_id`, `quantity`, `created_at`) VALUES ('49', '41', 33, '2004-10-20 03:42:32');
INSERT INTO `users_likes` (`id`, `user_id`, `quantity`, `created_at`) VALUES ('50', '62', 2, '1970-07-25 18:47:44');
INSERT INTO `users_likes` (`id`, `user_id`, `quantity`, `created_at`) VALUES ('51', '9', 0, '1990-06-05 10:49:36');
INSERT INTO `users_likes` (`id`, `user_id`, `quantity`, `created_at`) VALUES ('52', '33', 1208551, '1997-11-13 19:24:26');
INSERT INTO `users_likes` (`id`, `user_id`, `quantity`, `created_at`) VALUES ('53', '41', 0, '1971-07-26 19:16:40');
INSERT INTO `users_likes` (`id`, `user_id`, `quantity`, `created_at`) VALUES ('54', '84', 406, '1980-11-05 07:18:48');
INSERT INTO `users_likes` (`id`, `user_id`, `quantity`, `created_at`) VALUES ('55', '71', 351563, '1981-12-14 03:24:51');
INSERT INTO `users_likes` (`id`, `user_id`, `quantity`, `created_at`) VALUES ('56', '65', 1, '1973-06-12 15:18:43');
INSERT INTO `users_likes` (`id`, `user_id`, `quantity`, `created_at`) VALUES ('57', '11', 3621152, '2011-01-05 16:09:00');
INSERT INTO `users_likes` (`id`, `user_id`, `quantity`, `created_at`) VALUES ('58', '99', 15, '2004-06-17 06:49:04');
INSERT INTO `users_likes` (`id`, `user_id`, `quantity`, `created_at`) VALUES ('59', '76', 0, '2008-03-31 00:35:49');
INSERT INTO `users_likes` (`id`, `user_id`, `quantity`, `created_at`) VALUES ('60', '65', 13, '1976-07-03 16:58:31');
INSERT INTO `users_likes` (`id`, `user_id`, `quantity`, `created_at`) VALUES ('61', '53', 741508, '1997-08-31 13:02:48');
INSERT INTO `users_likes` (`id`, `user_id`, `quantity`, `created_at`) VALUES ('62', '58', 1961271, '2005-06-03 04:42:49');
INSERT INTO `users_likes` (`id`, `user_id`, `quantity`, `created_at`) VALUES ('63', '5', 0, '1991-11-15 07:59:53');
INSERT INTO `users_likes` (`id`, `user_id`, `quantity`, `created_at`) VALUES ('64', '73', 1, '2020-01-27 21:02:56');
INSERT INTO `users_likes` (`id`, `user_id`, `quantity`, `created_at`) VALUES ('65', '87', 215, '2001-12-24 11:05:49');
INSERT INTO `users_likes` (`id`, `user_id`, `quantity`, `created_at`) VALUES ('66', '89', 22196, '2000-06-29 13:36:03');
INSERT INTO `users_likes` (`id`, `user_id`, `quantity`, `created_at`) VALUES ('67', '27', 1, '2020-08-11 04:20:45');
INSERT INTO `users_likes` (`id`, `user_id`, `quantity`, `created_at`) VALUES ('68', '96', 38624, '2007-04-12 22:31:53');
INSERT INTO `users_likes` (`id`, `user_id`, `quantity`, `created_at`) VALUES ('69', '83', 3633, '1997-10-28 06:03:22');
INSERT INTO `users_likes` (`id`, `user_id`, `quantity`, `created_at`) VALUES ('70', '32', 4027, '1983-09-26 18:46:55');
INSERT INTO `users_likes` (`id`, `user_id`, `quantity`, `created_at`) VALUES ('71', '64', 8, '2015-10-21 11:16:53');
INSERT INTO `users_likes` (`id`, `user_id`, `quantity`, `created_at`) VALUES ('72', '5', 2251779, '2017-08-23 21:59:07');
INSERT INTO `users_likes` (`id`, `user_id`, `quantity`, `created_at`) VALUES ('73', '23', 2, '1981-11-13 01:57:24');
INSERT INTO `users_likes` (`id`, `user_id`, `quantity`, `created_at`) VALUES ('74', '83', 7486728, '2011-01-04 00:45:09');
INSERT INTO `users_likes` (`id`, `user_id`, `quantity`, `created_at`) VALUES ('75', '75', 68549, '2005-09-19 00:10:19');
INSERT INTO `users_likes` (`id`, `user_id`, `quantity`, `created_at`) VALUES ('76', '98', 96913, '2008-03-08 06:30:52');
INSERT INTO `users_likes` (`id`, `user_id`, `quantity`, `created_at`) VALUES ('77', '50', 647441, '2019-10-29 13:12:57');
INSERT INTO `users_likes` (`id`, `user_id`, `quantity`, `created_at`) VALUES ('78', '66', 398374746, '1985-07-14 12:02:34');
INSERT INTO `users_likes` (`id`, `user_id`, `quantity`, `created_at`) VALUES ('79', '17', 1590010, '1978-02-19 19:01:51');
INSERT INTO `users_likes` (`id`, `user_id`, `quantity`, `created_at`) VALUES ('80', '91', 1883850, '1990-10-22 00:54:27');
INSERT INTO `users_likes` (`id`, `user_id`, `quantity`, `created_at`) VALUES ('81', '28', 1621, '2019-02-08 19:10:05');
INSERT INTO `users_likes` (`id`, `user_id`, `quantity`, `created_at`) VALUES ('82', '25', 36138392, '1988-07-08 08:11:47');
INSERT INTO `users_likes` (`id`, `user_id`, `quantity`, `created_at`) VALUES ('83', '23', 499, '1978-01-15 12:59:55');
INSERT INTO `users_likes` (`id`, `user_id`, `quantity`, `created_at`) VALUES ('84', '69', 326, '2015-07-23 05:05:42');
INSERT INTO `users_likes` (`id`, `user_id`, `quantity`, `created_at`) VALUES ('85', '9', 59, '2015-03-03 15:31:16');
INSERT INTO `users_likes` (`id`, `user_id`, `quantity`, `created_at`) VALUES ('86', '94', 20388, '1994-07-11 20:47:44');
INSERT INTO `users_likes` (`id`, `user_id`, `quantity`, `created_at`) VALUES ('87', '34', 32905275, '1971-06-12 05:00:12');
INSERT INTO `users_likes` (`id`, `user_id`, `quantity`, `created_at`) VALUES ('88', '19', 423213, '1976-11-10 13:27:52');
INSERT INTO `users_likes` (`id`, `user_id`, `quantity`, `created_at`) VALUES ('89', '93', 264253844, '2020-06-01 08:31:57');
INSERT INTO `users_likes` (`id`, `user_id`, `quantity`, `created_at`) VALUES ('90', '10', 354, '2008-11-22 00:17:22');
INSERT INTO `users_likes` (`id`, `user_id`, `quantity`, `created_at`) VALUES ('91', '84', 4078, '1985-11-26 14:39:20');
INSERT INTO `users_likes` (`id`, `user_id`, `quantity`, `created_at`) VALUES ('92', '45', 123, '2011-08-30 02:29:23');
INSERT INTO `users_likes` (`id`, `user_id`, `quantity`, `created_at`) VALUES ('93', '68', 7623, '2011-07-05 23:05:10');
INSERT INTO `users_likes` (`id`, `user_id`, `quantity`, `created_at`) VALUES ('94', '88', 6, '2009-04-26 04:18:39');
INSERT INTO `users_likes` (`id`, `user_id`, `quantity`, `created_at`) VALUES ('95', '18', 622533, '2011-01-04 10:34:31');
INSERT INTO `users_likes` (`id`, `user_id`, `quantity`, `created_at`) VALUES ('96', '54', 396, '1984-01-29 16:17:26');
INSERT INTO `users_likes` (`id`, `user_id`, `quantity`, `created_at`) VALUES ('97', '77', 4683674, '1970-09-27 03:42:36');
INSERT INTO `users_likes` (`id`, `user_id`, `quantity`, `created_at`) VALUES ('98', '44', 0, '1971-07-22 01:42:04');
INSERT INTO `users_likes` (`id`, `user_id`, `quantity`, `created_at`) VALUES ('99', '49', 89, '1994-02-07 06:38:44');
INSERT INTO `users_likes` (`id`, `user_id`, `quantity`, `created_at`) VALUES ('100', '60', 3322, '2006-09-26 00:54:06');
INSERT INTO `users_likes` (`id`, `user_id`, `quantity`, `created_at`) VALUES ('101', '59', 90, '1991-05-23 05:54:05');
INSERT INTO `users_likes` (`id`, `user_id`, `quantity`, `created_at`) VALUES ('102', '77', 904725689, '1997-10-24 09:10:29');
INSERT INTO `users_likes` (`id`, `user_id`, `quantity`, `created_at`) VALUES ('103', '71', 16, '2001-07-24 11:52:06');
INSERT INTO `users_likes` (`id`, `user_id`, `quantity`, `created_at`) VALUES ('104', '21', 0, '1992-11-06 23:22:52');
INSERT INTO `users_likes` (`id`, `user_id`, `quantity`, `created_at`) VALUES ('105', '12', 18272366, '1989-01-09 01:41:08');
INSERT INTO `users_likes` (`id`, `user_id`, `quantity`, `created_at`) VALUES ('106', '89', 9302, '2010-07-22 17:49:45');
INSERT INTO `users_likes` (`id`, `user_id`, `quantity`, `created_at`) VALUES ('107', '8', 49859, '2000-02-04 02:29:26');
INSERT INTO `users_likes` (`id`, `user_id`, `quantity`, `created_at`) VALUES ('108', '30', 4054272, '1977-01-17 09:06:41');
INSERT INTO `users_likes` (`id`, `user_id`, `quantity`, `created_at`) VALUES ('109', '54', 60936073, '2011-06-26 11:51:21');
INSERT INTO `users_likes` (`id`, `user_id`, `quantity`, `created_at`) VALUES ('110', '23', 118760, '1972-01-16 17:26:14');
INSERT INTO `users_likes` (`id`, `user_id`, `quantity`, `created_at`) VALUES ('111', '11', 863391748, '1980-06-18 16:38:48');
INSERT INTO `users_likes` (`id`, `user_id`, `quantity`, `created_at`) VALUES ('112', '27', 779500101, '2004-12-23 19:44:14');
INSERT INTO `users_likes` (`id`, `user_id`, `quantity`, `created_at`) VALUES ('113', '71', 55402, '1989-03-23 13:24:30');
INSERT INTO `users_likes` (`id`, `user_id`, `quantity`, `created_at`) VALUES ('114', '75', 47419, '2009-04-06 07:56:45');
INSERT INTO `users_likes` (`id`, `user_id`, `quantity`, `created_at`) VALUES ('115', '35', 99935850, '2004-12-16 23:11:30');
INSERT INTO `users_likes` (`id`, `user_id`, `quantity`, `created_at`) VALUES ('116', '25', 91854, '2010-01-24 07:47:34');
INSERT INTO `users_likes` (`id`, `user_id`, `quantity`, `created_at`) VALUES ('117', '14', 4515, '2011-04-08 14:41:52');
INSERT INTO `users_likes` (`id`, `user_id`, `quantity`, `created_at`) VALUES ('118', '21', 84383, '1993-09-19 02:41:48');
INSERT INTO `users_likes` (`id`, `user_id`, `quantity`, `created_at`) VALUES ('119', '46', 93209, '1981-11-04 01:23:54');
INSERT INTO `users_likes` (`id`, `user_id`, `quantity`, `created_at`) VALUES ('120', '43', 126151, '2005-10-28 01:30:33');
INSERT INTO `users_likes` (`id`, `user_id`, `quantity`, `created_at`) VALUES ('121', '40', 0, '1974-07-30 13:26:02');
INSERT INTO `users_likes` (`id`, `user_id`, `quantity`, `created_at`) VALUES ('122', '71', 0, '2001-04-08 03:35:18');
INSERT INTO `users_likes` (`id`, `user_id`, `quantity`, `created_at`) VALUES ('123', '22', 73, '1998-03-27 23:59:26');
INSERT INTO `users_likes` (`id`, `user_id`, `quantity`, `created_at`) VALUES ('124', '58', 0, '2015-12-01 07:19:25');
INSERT INTO `users_likes` (`id`, `user_id`, `quantity`, `created_at`) VALUES ('125', '68', 5301964, '1997-10-18 10:36:56');
INSERT INTO `users_likes` (`id`, `user_id`, `quantity`, `created_at`) VALUES ('126', '42', 23690, '1982-10-19 17:15:10');
INSERT INTO `users_likes` (`id`, `user_id`, `quantity`, `created_at`) VALUES ('127', '43', 10, '1986-05-14 05:53:30');
INSERT INTO `users_likes` (`id`, `user_id`, `quantity`, `created_at`) VALUES ('128', '96', 1236048, '2010-07-02 07:52:47');
INSERT INTO `users_likes` (`id`, `user_id`, `quantity`, `created_at`) VALUES ('129', '4', 951, '1986-09-22 13:16:16');
INSERT INTO `users_likes` (`id`, `user_id`, `quantity`, `created_at`) VALUES ('130', '17', 727437092, '1974-08-20 05:49:07');
INSERT INTO `users_likes` (`id`, `user_id`, `quantity`, `created_at`) VALUES ('131', '39', 588, '1984-06-07 22:40:11');
INSERT INTO `users_likes` (`id`, `user_id`, `quantity`, `created_at`) VALUES ('132', '62', 453765, '1982-10-29 20:07:32');
INSERT INTO `users_likes` (`id`, `user_id`, `quantity`, `created_at`) VALUES ('133', '94', 901102, '1995-11-02 15:57:24');
INSERT INTO `users_likes` (`id`, `user_id`, `quantity`, `created_at`) VALUES ('134', '10', 95, '1981-08-31 03:24:36');
INSERT INTO `users_likes` (`id`, `user_id`, `quantity`, `created_at`) VALUES ('135', '83', 412389644, '1992-06-17 18:32:24');
INSERT INTO `users_likes` (`id`, `user_id`, `quantity`, `created_at`) VALUES ('136', '6', 2, '1998-08-02 09:12:06');
INSERT INTO `users_likes` (`id`, `user_id`, `quantity`, `created_at`) VALUES ('137', '98', 65, '1991-04-21 21:57:07');
INSERT INTO `users_likes` (`id`, `user_id`, `quantity`, `created_at`) VALUES ('138', '91', 35856715, '1977-11-19 23:17:23');
INSERT INTO `users_likes` (`id`, `user_id`, `quantity`, `created_at`) VALUES ('139', '35', 11229413, '1972-06-23 03:39:48');
INSERT INTO `users_likes` (`id`, `user_id`, `quantity`, `created_at`) VALUES ('140', '52', 225645415, '2006-02-20 02:17:33');
INSERT INTO `users_likes` (`id`, `user_id`, `quantity`, `created_at`) VALUES ('141', '13', 56668878, '2004-04-06 14:11:33');
INSERT INTO `users_likes` (`id`, `user_id`, `quantity`, `created_at`) VALUES ('142', '46', 59430, '1988-03-09 04:32:52');
INSERT INTO `users_likes` (`id`, `user_id`, `quantity`, `created_at`) VALUES ('143', '78', 86459, '1988-10-15 13:11:52');
INSERT INTO `users_likes` (`id`, `user_id`, `quantity`, `created_at`) VALUES ('144', '83', 0, '1990-11-23 20:25:29');
INSERT INTO `users_likes` (`id`, `user_id`, `quantity`, `created_at`) VALUES ('145', '21', 945935, '1994-06-26 11:37:26');
INSERT INTO `users_likes` (`id`, `user_id`, `quantity`, `created_at`) VALUES ('146', '12', 4182, '2004-08-27 00:54:23');
INSERT INTO `users_likes` (`id`, `user_id`, `quantity`, `created_at`) VALUES ('147', '7', 67281163, '1988-10-07 15:37:36');
INSERT INTO `users_likes` (`id`, `user_id`, `quantity`, `created_at`) VALUES ('148', '34', 2401683, '1973-06-23 20:16:12');
INSERT INTO `users_likes` (`id`, `user_id`, `quantity`, `created_at`) VALUES ('149', '32', 287, '1986-06-05 10:34:21');
INSERT INTO `users_likes` (`id`, `user_id`, `quantity`, `created_at`) VALUES ('150', '53', 49081, '1971-06-14 09:34:16');
INSERT INTO `users_likes` (`id`, `user_id`, `quantity`, `created_at`) VALUES ('151', '76', 14763, '2005-04-16 23:12:54');
INSERT INTO `users_likes` (`id`, `user_id`, `quantity`, `created_at`) VALUES ('152', '72', 5097, '1984-02-09 13:29:02');
INSERT INTO `users_likes` (`id`, `user_id`, `quantity`, `created_at`) VALUES ('153', '23', 8638005, '1989-04-18 05:19:53');
INSERT INTO `users_likes` (`id`, `user_id`, `quantity`, `created_at`) VALUES ('154', '98', 7, '1996-09-15 08:27:23');
INSERT INTO `users_likes` (`id`, `user_id`, `quantity`, `created_at`) VALUES ('155', '29', 93, '1978-09-20 14:53:59');
INSERT INTO `users_likes` (`id`, `user_id`, `quantity`, `created_at`) VALUES ('156', '91', 1166, '2015-05-02 19:18:26');
INSERT INTO `users_likes` (`id`, `user_id`, `quantity`, `created_at`) VALUES ('157', '40', 19839877, '2001-02-27 00:41:20');
INSERT INTO `users_likes` (`id`, `user_id`, `quantity`, `created_at`) VALUES ('158', '71', 587935297, '1995-05-31 13:56:40');
INSERT INTO `users_likes` (`id`, `user_id`, `quantity`, `created_at`) VALUES ('159', '86', 33851542, '1998-12-06 09:08:02');
INSERT INTO `users_likes` (`id`, `user_id`, `quantity`, `created_at`) VALUES ('160', '43', 17596, '2010-10-26 07:09:58');
INSERT INTO `users_likes` (`id`, `user_id`, `quantity`, `created_at`) VALUES ('161', '88', 146099, '2005-05-13 16:36:45');
INSERT INTO `users_likes` (`id`, `user_id`, `quantity`, `created_at`) VALUES ('162', '25', 851, '1985-09-30 00:30:29');
INSERT INTO `users_likes` (`id`, `user_id`, `quantity`, `created_at`) VALUES ('163', '4', 714258, '2001-11-17 01:03:46');
INSERT INTO `users_likes` (`id`, `user_id`, `quantity`, `created_at`) VALUES ('164', '81', 3, '1986-01-14 10:17:31');
INSERT INTO `users_likes` (`id`, `user_id`, `quantity`, `created_at`) VALUES ('165', '35', 158, '1995-09-23 16:03:07');
INSERT INTO `users_likes` (`id`, `user_id`, `quantity`, `created_at`) VALUES ('166', '86', 0, '1985-09-12 19:51:33');
INSERT INTO `users_likes` (`id`, `user_id`, `quantity`, `created_at`) VALUES ('167', '87', 277, '2009-12-13 06:50:24');
INSERT INTO `users_likes` (`id`, `user_id`, `quantity`, `created_at`) VALUES ('168', '33', 21217762, '1981-07-02 14:23:51');
INSERT INTO `users_likes` (`id`, `user_id`, `quantity`, `created_at`) VALUES ('169', '76', 395848450, '1993-12-23 15:31:06');
INSERT INTO `users_likes` (`id`, `user_id`, `quantity`, `created_at`) VALUES ('170', '22', 7924, '1985-09-01 20:38:49');
INSERT INTO `users_likes` (`id`, `user_id`, `quantity`, `created_at`) VALUES ('171', '84', 6274405, '2010-01-25 07:59:27');
INSERT INTO `users_likes` (`id`, `user_id`, `quantity`, `created_at`) VALUES ('172', '88', 3, '1974-09-10 12:59:42');
INSERT INTO `users_likes` (`id`, `user_id`, `quantity`, `created_at`) VALUES ('173', '67', 4546770, '1983-08-27 08:02:29');
INSERT INTO `users_likes` (`id`, `user_id`, `quantity`, `created_at`) VALUES ('174', '61', 11170, '2008-07-20 19:59:58');
INSERT INTO `users_likes` (`id`, `user_id`, `quantity`, `created_at`) VALUES ('175', '71', 621006, '1974-11-14 05:56:01');
INSERT INTO `users_likes` (`id`, `user_id`, `quantity`, `created_at`) VALUES ('176', '88', 5649, '1988-10-03 23:09:47');
INSERT INTO `users_likes` (`id`, `user_id`, `quantity`, `created_at`) VALUES ('177', '73', 730595904, '1989-12-19 03:49:34');
INSERT INTO `users_likes` (`id`, `user_id`, `quantity`, `created_at`) VALUES ('178', '78', 550317125, '2005-09-13 13:26:22');
INSERT INTO `users_likes` (`id`, `user_id`, `quantity`, `created_at`) VALUES ('179', '21', 3433586, '2010-09-11 15:31:09');
INSERT INTO `users_likes` (`id`, `user_id`, `quantity`, `created_at`) VALUES ('180', '5', 8, '2001-07-02 20:30:40');
INSERT INTO `users_likes` (`id`, `user_id`, `quantity`, `created_at`) VALUES ('181', '30', 0, '1984-05-27 04:31:21');
INSERT INTO `users_likes` (`id`, `user_id`, `quantity`, `created_at`) VALUES ('182', '97', 849712159, '1999-07-08 01:32:44');
INSERT INTO `users_likes` (`id`, `user_id`, `quantity`, `created_at`) VALUES ('183', '77', 751, '2008-06-09 19:15:46');
INSERT INTO `users_likes` (`id`, `user_id`, `quantity`, `created_at`) VALUES ('184', '52', 2, '2007-09-03 10:48:08');
INSERT INTO `users_likes` (`id`, `user_id`, `quantity`, `created_at`) VALUES ('185', '95', 751457253, '2003-01-23 19:37:44');
INSERT INTO `users_likes` (`id`, `user_id`, `quantity`, `created_at`) VALUES ('186', '5', 895404588, '1994-03-14 09:01:00');
INSERT INTO `users_likes` (`id`, `user_id`, `quantity`, `created_at`) VALUES ('187', '42', 799, '1989-08-02 13:49:49');
INSERT INTO `users_likes` (`id`, `user_id`, `quantity`, `created_at`) VALUES ('188', '34', 484378, '1971-08-29 17:38:12');
INSERT INTO `users_likes` (`id`, `user_id`, `quantity`, `created_at`) VALUES ('189', '76', 6, '1996-01-23 06:41:33');
INSERT INTO `users_likes` (`id`, `user_id`, `quantity`, `created_at`) VALUES ('190', '28', 8705, '1996-08-17 21:23:51');
INSERT INTO `users_likes` (`id`, `user_id`, `quantity`, `created_at`) VALUES ('191', '76', 446988473, '2004-11-06 23:02:38');
INSERT INTO `users_likes` (`id`, `user_id`, `quantity`, `created_at`) VALUES ('192', '64', 0, '2019-09-15 14:53:09');
INSERT INTO `users_likes` (`id`, `user_id`, `quantity`, `created_at`) VALUES ('193', '52', 291549, '2009-03-21 17:01:31');
INSERT INTO `users_likes` (`id`, `user_id`, `quantity`, `created_at`) VALUES ('194', '80', 256890, '2007-02-07 18:43:09');
INSERT INTO `users_likes` (`id`, `user_id`, `quantity`, `created_at`) VALUES ('195', '45', 8, '1990-09-06 17:23:09');
INSERT INTO `users_likes` (`id`, `user_id`, `quantity`, `created_at`) VALUES ('196', '87', 90, '1983-04-16 19:28:20');
INSERT INTO `users_likes` (`id`, `user_id`, `quantity`, `created_at`) VALUES ('197', '65', 6, '1973-01-18 12:55:16');
INSERT INTO `users_likes` (`id`, `user_id`, `quantity`, `created_at`) VALUES ('198', '31', 613034815, '1981-04-08 02:02:10');
INSERT INTO `users_likes` (`id`, `user_id`, `quantity`, `created_at`) VALUES ('199', '19', 682, '2008-06-05 07:50:53');
INSERT INTO `users_likes` (`id`, `user_id`, `quantity`, `created_at`) VALUES ('200', '41', 164248, '1971-12-02 18:52:53');

